{"type": "FeatureCollection", "features": [{"type": "Feature", "properties": {"feature_id": "municipalities_00901", "source_layer": "municipalities", "source_layer_label": "Brazilian municipalities", "feature_name": "Apuiar\u00e9s", "source_year": 2025, "source_file": "municipalities_2025_simplified.parquet", "code_state": 23.0, "abbrev_state": "CE", "name_state": "Cear\u00e1", "code_muni": 2300903.0, "name_muni": "Apuiar\u00e9s", "name_region": "Nordeste", "code_region": 2.0, "year": 2025.0, "uc_id": null, "cd_cnuc": null, "wdpa_pid": null, "nome_uc": null, "cria_ano": null, "cria_ato": null, "outro_ato": null, "pl_manejo": null, "co_gestor": null, "quali_pol": null, "ppgr": null, "ha_total": null, "ha_ato": null, "esfera": null, "uf": null, "municipio": null, "org_gestor": null, "grupo": null, "categoria": null, "cat_iucn": null, "amazonia": null, "caatinga": null, "cerrado": null, "matlantica": null, "pampa": null, "pantanal": null, "marinho": null, "situacao": null, "limite": null, "rbiosfera": null, "nome_abrev": null, "date": null, "code_indigenous_land": null, "name_indigenous_land": null, "area_ha": null, "fase_ti": null, "modalidade": null, "coordination_region": null, "faixa_fron": null, "code_adm_unit": null, "name_adm_unit": null, "abbrev_adm_unit": null}, "geometry": {"type": "Polygon", "coordinates": [[[-39.2159528, -4.05314309999994], [-39.2172773, -4.059055], [-39.2254523, -4.066294699999961], [-39.2264608999999, -4.071488599999948], [-39.23649219999991, -4.07780489999993], [-39.2414213, -4.07397359999993], [-39.2421568, -4.07570479999993], [-39.2454784, -4.076491699999959], [-39.2505497, -4.077220699999939], [-39.2524625999999, -4.07622019999997], [-39.2536668, -4.077638], [-39.2590776, -4.076708799999951], [-39.26882319999989, -4.08342569999996], [-39.2701302, -4.086246099999931], [-39.3025572, -4.08326489999996], [-39.3242308, -4.09023119999995], [-39.4441628, -3.969172399999931], [-39.44795099999989, -3.97010979999993], [-39.4476984, -3.97379369999993], [-39.44609519999991, -3.97453039999994], [-39.4463767, -3.97902859999994], [-39.449259599999905, -3.98210319999993], [-39.450730099999895, -3.981147], [-39.4522234, -3.98216189999994], [-39.4501011, -3.98895509999994], [-39.4519898999999, -3.990109599999929], [-39.45083179999989, -3.99144139999993], [-39.4556234999999, -3.997759], [-39.45516, -3.99995549999994], [-39.4569008999999, -4.00180579999994], [-39.4607637, -4.003442599999971], [-39.464556699999896, -4.002146199999969], [-39.4687246999999, -4.005034], [-39.4760646, -4.00320229999994], [-39.485732, -4.00515359999997], [-39.4840943, -3.973923399999931], [-39.4576041999999, -3.92890189999997], [-39.4357565, -3.862097], [-39.4303659, -3.855476], [-39.4147735, -3.829859399999981], [-39.3542064, -3.844417099999931], [-39.3528133999999, -3.841509099999939], [-39.3488785, -3.838797899999971], [-39.3487947, -3.835765499999979], [-39.3419201, -3.85780609999995], [-39.3087406999999, -3.936383699999959], [-39.2939368999999, -3.919776699999939], [-39.2904783, -3.919397], [-39.2873359, -3.92143059999995], [-39.2795897, -3.916781799999969], [-39.2767256, -3.91727669999995], [-39.2688122, -3.91516719999993], [-39.2521451, -3.899746299999951], [-39.2437320999999, -3.89756109999996], [-39.2401437999999, -3.90030139999993], [-39.2312982, -3.91841929999993], [-39.2144969, -3.94543409999994], [-39.1940938, -3.95537479999996], [-39.18543119999999, -3.95432739999995], [-39.1870302, -3.957103099999931], [-39.192648899999895, -3.96083809999993], [-39.193839, -3.967104899999979], [-39.1914459, -3.972102099999971], [-39.18465439999989, -3.975343699999941], [-39.1825385999999, -3.97797349999996], [-39.1845116, -3.98211389999994], [-39.1883159, -3.98488419999995], [-39.1917392, -3.99227609999997], [-39.1854329, -4.00165679999998], [-39.187404, -4.00732659999994], [-39.1903846, -4.008698699999969], [-39.1923550999999, -4.01167409999994], [-39.1936904, -4.022681099999939], [-39.192265, -4.030058], [-39.1982778, -4.037117], [-39.2029226, -4.04622449999994], [-39.2071463999999, -4.04855919999994], [-39.2111009, -4.04848879999997], [-39.2159528, -4.05314309999994]]]}}, {"type": "Feature", "properties": {"feature_id": "municipalities_00902", "source_layer": "municipalities", "source_layer_label": "Brazilian municipalities", "feature_name": "Aquiraz", "source_year": 2025, "source_file": "municipalities_2025_simplified.parquet", "code_state": 23.0, "abbrev_state": "CE", "name_state": "Cear\u00e1", "code_muni": 2301000.0, "name_muni": "Aquiraz", "name_region": "Nordeste", "code_region": 2.0, "year": 2025.0, "uc_id": null, "cd_cnuc": null, "wdpa_pid": null, "nome_uc": null, "cria_ano": null, "cria_ato": null, "outro_ato": null, "pl_manejo": null, "co_gestor": null, "quali_pol": null, "ppgr": null, "ha_total": null, "ha_ato": null, "esfera": null, "uf": null, "municipio": null, "org_gestor": null, "grupo": null, "categoria": null, "cat_iucn": null, "amazonia": null, "caatinga": null, "cerrado": null, "matlantica": null, "pampa": null, "pantanal": null, "marinho": null, "situacao": null, "limite": null, "rbiosfera": null, "nome_abrev": null, "date": null, "code_indigenous_land": null, "name_indigenous_land": null, "area_ha": null, "fase_ti": null, "modalidade": null, "coordination_region": null, "faixa_fron": null, "code_adm_unit": null, "name_adm_unit": null, "abbrev_adm_unit": null}, "geometry": {"type": "Polygon", "coordinates": [[[-38.413049, -4.068871], [-38.4424036999999, -4.07122579999998], [-38.4471862999999, -4.068591699999961], [-38.4533509, -4.068794099999929], [-38.4603875999999, -4.065641399999949], [-38.4657465, -4.065368299999929], [-38.472884899999904, -4.06150329999997], [-38.4919601999999, -4.05966459999996], [-38.5015428, -4.06103739999998], [-38.5364893999999, -4.040622499999929], [-38.5319175, -4.037174499999941], [-38.5258577, -4.02930929999997], [-38.5272021, -4.022949199999969], [-38.5186126999999, -4.01801449999994], [-38.5140795, -3.97934729999997], [-38.515425799999896, -3.962674], [-38.5129239, -3.957647199999939], [-38.5088292, -3.936735699999929], [-38.501390199999896, -3.93793049999994], [-38.4934929, -3.934198], [-38.4879420999999, -3.925702599999971], [-38.4858225, -3.924482], [-38.4826411, -3.924868499999949], [-38.4783763999999, -3.928590299999939], [-38.4719782, -3.928495699999929], [-38.4673989, -3.923971499999939], [-38.463564899999895, -3.91393729999993], [-38.4486, -3.923459599999939], [-38.447354399999895, -3.91306509999993], [-38.4436271, -3.905639199999941], [-38.4435448, -3.902498], [-38.4399013999999, -3.900759599999959], [-38.4364351, -3.89557149999996], [-38.4339757, -3.894393199999969], [-38.4324381, -3.886167499999941], [-38.4236466, -3.88446009999996], [-38.4143698999999, -3.87804389999997], [-38.4125609, -3.871283], [-38.4139726, -3.863261699999949], [-38.4123774, -3.861211699999961], [-38.4145414, -3.85823969999996], [-38.41295749999989, -3.85701589999996], [-38.4142931, -3.85660329999996], [-38.4133256, -3.85548829999993], [-38.416486, -3.85434259999994], [-38.4151959, -3.852340399999949], [-38.4174988, -3.84555149999994], [-38.4189718, -3.845128899999961], [-38.4204146, -3.847061499999939], [-38.422267799999894, -3.84465], [-38.4207335, -3.84054169999996], [-38.4221042, -3.83647859999996], [-38.417813, -3.828548], [-38.4200266, -3.82551349999994], [-38.4191650999999, -3.823097], [-38.415595999999894, -3.820922], [-38.412106, -3.82193], [-38.40939689999989, -3.819092099999979], [-38.4058699, -3.82154249999996], [-38.40593109999999, -3.823985699999981], [-38.4029657, -3.826465], [-38.4013571, -3.82658509999993], [-38.401767, -3.823759399999969], [-38.4002766999999, -3.82482419999997], [-38.3755661, -3.863780899999941], [-38.360322999999894, -3.88485639999993], [-38.3346599, -3.912433599999931], [-38.3185531, -3.926197], [-38.3035409, -3.93598409999993], [-38.2913106, -3.941574499999941], [-38.2857569999999, -3.942575], [-38.2839882, -3.94068159999995], [-38.2789273999999, -3.941211099999979], [-38.2734442, -3.944154], [-38.2232859, -4.00715349999996], [-38.2277847, -4.008388799999978], [-38.226177, -4.01340339999996], [-38.2301758, -4.01494139999994], [-38.230517899999896, -4.01946579999998], [-38.232305999999895, -4.02100169999994], [-38.2316172, -4.02331429999992], [-38.2385818999999, -4.023054], [-38.2395154, -4.02640089999994], [-38.2532639, -4.02868639999997], [-38.2657968, -4.02607049999995], [-38.269264, -4.02739789999993], [-38.2755890999999, -4.026398799999919], [-38.2810942, -4.022173599999971], [-38.285741, -4.023113299999979], [-38.2916587999999, -4.022252699999971], [-38.29472839999989, -4.018421499999929], [-38.3001257999999, -4.01540439999997], [-38.3131571, -4.010903], [-38.3145211, -4.01791029999993], [-38.317812499999896, -4.020594599999921], [-38.3210208, -4.01840529999993], [-38.3207282, -4.03079719999994], [-38.325776, -4.030934499999939], [-38.3264333, -4.02563559999993], [-38.3362266, -4.03088549999995], [-38.3425027, -4.038362399999929], [-38.3416091, -4.03953339999993], [-38.3441534, -4.045810399999939], [-38.34965249999989, -4.04724949999996], [-38.3702716, -4.06558679999995], [-38.3725084, -4.078455499999959], [-38.3863398999999, -4.070285899999931], [-38.39034009999989, -4.07100139999994], [-38.413049, -4.068871]]]}}, {"type": "Feature", "properties": {"feature_id": "municipalities_00934", "source_layer": "municipalities", "source_layer_label": "Brazilian municipalities", "feature_name": "Caucaia", "source_year": 2025, "source_file": "municipalities_2025_simplified.parquet", "code_state": 23.0, "abbrev_state": "CE", "name_state": "Cear\u00e1", "code_muni": 2303709.0, "name_muni": "Caucaia", "name_region": "Nordeste", "code_region": 2.0, "year": 2025.0, "uc_id": null, "cd_cnuc": null, "wdpa_pid": null, "nome_uc": null, "cria_ano": null, "cria_ato": null, "outro_ato": null, "pl_manejo": null, "co_gestor": null, "quali_pol": null, "ppgr": null, "ha_total": null, "ha_ato": null, "esfera": null, "uf": null, "municipio": null, "org_gestor": null, "grupo": null, "categoria": null, "cat_iucn": null, "amazonia": null, "caatinga": null, "cerrado": null, "matlantica": null, "pampa": null, "pantanal": null, "marinho": null, "situacao": null, "limite": null, "rbiosfera": null, "nome_abrev": null, "date": null, "code_indigenous_land": null, "name_indigenous_land": null, "area_ha": null, "fase_ti": null, "modalidade": null, "coordination_region": null, "faixa_fron": null, "code_adm_unit": null, "name_adm_unit": null, "abbrev_adm_unit": null}, "geometry": {"type": "Polygon", "coordinates": [[[-38.7944044, -3.966740699999949], [-38.8116312999999, -3.961941899999939], [-38.8483332, -3.99487089999997], [-38.8716433, -3.968731399999968], [-38.9454777, -3.944442099999949], [-38.9469435, -3.942479399999969], [-38.9474087, -3.93687829999993], [-38.9546943, -3.933753899999939], [-38.9540168, -3.930125699999961], [-38.9624540999999, -3.92321319999996], [-38.9609826, -3.91737069999994], [-38.958155, -3.914442599999969], [-38.9619304, -3.90777889999993], [-38.9610764, -3.90585429999993], [-38.9635168, -3.905461899999981], [-38.9687221999999, -3.896691699999959], [-38.9702086, -3.898309299999939], [-38.9719251999999, -3.89695029999996], [-38.9742893, -3.89775469999995], [-38.97568119999989, -3.89628979999998], [-38.9781216, -3.89648139999997], [-38.9803808999999, -3.894059], [-38.9774059, -3.888959299999949], [-38.9788834999999, -3.887642799999981], [-38.9793364, -3.88505759999993], [-38.9782165999999, -3.884342499999951], [-38.9817196, -3.882496499999949], [-38.981529, -3.878020299999951], [-38.9849846, -3.87763739999997], [-38.98390069999989, -3.875368799999929], [-38.986843599999894, -3.873328799999971], [-38.985132, -3.87207439999997], [-38.98821, -3.869328599999958], [-38.98629729999989, -3.863738], [-38.9843873999999, -3.86449549999998], [-38.9844845, -3.86181529999993], [-38.9859028, -3.85945569999996], [-38.9879162, -3.860259399999961], [-38.9883897, -3.856913099999931], [-38.9913364, -3.854457799999979], [-38.9926824999999, -3.85654929999993], [-38.9996411, -3.845299099999981], [-38.998116, -3.83969789999998], [-38.9994505, -3.83830959999995], [-38.9993436, -3.83538509999994], [-38.9965194, -3.830769599999939], [-38.994493799999894, -3.830769599999939], [-38.9881339, -3.82475719999996], [-38.9833871, -3.816139899999941], [-38.9828156999999, -3.79034569999993], [-38.9784695, -3.77874109999993], [-38.9755529, -3.77632819999997], [-38.9665922, -3.773834899999941], [-38.95769829999989, -3.76932449999993], [-38.95604, -3.76511159999995], [-38.95577339999989, -3.76061149999992], [-38.9579085, -3.758581699999979], [-38.9552973999999, -3.74908349999993], [-38.9570133, -3.74404729999998], [-38.9555836, -3.74280249999993], [-38.9568229, -3.73866629999998], [-38.9545596, -3.73239], [-38.95561759999999, -3.730637899999981], [-38.9515147, -3.727032799999961], [-38.95251549999989, -3.725395599999959], [-38.9516292, -3.72368649999993], [-38.9549461999999, -3.719492899999981], [-38.9577196, -3.72173359999994], [-38.9608792, -3.720340599999929], [-38.9595785, -3.71360469999996], [-38.9615085999999, -3.71198189999996], [-38.9402041, -3.683233599999939], [-38.9325132, -3.68050429999994], [-38.9208659999999, -3.68460079999994], [-38.9198251999999, -3.67309469999998], [-38.9173532999999, -3.669826099999969], [-38.9183502, -3.66665259999996], [-38.8816277999999, -3.685415899999949], [-38.8318922999999, -3.57076069999994], [-38.806557199999894, -3.548643799999979], [-38.797651, -3.56297269999993], [-38.7624235, -3.60591739999995], [-38.74556069999989, -3.618371599999931], [-38.7247963, -3.625391599999939], [-38.7190623, -3.629734799999939], [-38.7017547, -3.63835989999995], [-38.6766181, -3.66466769999994], [-38.6599593, -3.67737169999998], [-38.6410855, -3.686938799999949], [-38.634581399999895, -3.685954699999971], [-38.619212, -3.68987379999993], [-38.6110878, -3.68876919999997], [-38.6073936, -3.691472399999951], [-38.5875832, -3.696406], [-38.5907109, -3.70022009999997], [-38.5973538, -3.703374599999961], [-38.6062608, -3.702358], [-38.6224927, -3.70324259999995], [-38.6211173999999, -3.709581599999979], [-38.6178452999999, -3.71031069999998], [-38.6201965, -3.718271799999969], [-38.619222, -3.71954919999996], [-38.6168938, -3.719284099999919], [-38.6175122999999, -3.72209309999994], [-38.6161973, -3.720787199999959], [-38.6147802, -3.722772899999939], [-38.6094323999999, -3.72402159999996], [-38.6059981999999, -3.727069399999949], [-38.6011435999999, -3.734449799999941], [-38.6023059999999, -3.736888899999939], [-38.60119, -3.741265], [-38.5989311, -3.742229099999971], [-38.60133239999989, -3.748465599999971], [-38.6115607999999, -3.756746599999929], [-38.6214532, -3.777028699999961], [-38.6225164, -3.7817875], [-38.6254476999999, -3.780958599999961], [-38.6280283, -3.784677699999969], [-38.6315443, -3.78368739999996], [-38.63342929999989, -3.79058089999995], [-38.6352735, -3.79195839999994], [-38.6348164, -3.79886729999993], [-38.6393962999999, -3.802918899999951], [-38.6402365, -3.80618639999994], [-38.6429337, -3.80761529999995], [-38.6442306, -3.80688119999996], [-38.6458701999999, -3.80855039999994], [-38.6469182, -3.81081519999998], [-38.6437592999999, -3.812059499999981], [-38.6412703, -3.823565799999929], [-38.644193, -3.82564589999993], [-38.65646489999989, -3.828885399999931], [-38.6581025, -3.82687319999997], [-38.6695508999999, -3.82761509999995], [-38.6754063999999, -3.834792799999949], [-38.6881286, -3.856783799999961], [-38.692403199999895, -3.861145299999979], [-38.696465999999894, -3.86837289999994], [-38.7030171, -3.87534659999994], [-38.7073368, -3.874600099999951], [-38.7162413, -3.881963599999949], [-38.72304969999989, -3.895324199999949], [-38.7243079, -3.901474399999931], [-38.7298772999999, -3.90578479999994], [-38.7324677, -3.90985479999995], [-38.7324546, -3.91265], [-38.7355416, -3.918185099999961], [-38.7353487999999, -3.92505959999994], [-38.7371901999999, -3.93021109999995], [-38.7432593, -3.93515179999997], [-38.7526895, -3.927787], [-38.7559906, -3.92780929999998], [-38.757623599999896, -3.93245689999998], [-38.7653529999999, -3.941958399999979], [-38.7692374, -3.943635], [-38.7801089, -3.954300399999969], [-38.78517579999989, -3.96428609999998], [-38.78771979999989, -3.96664369999996], [-38.7944044, -3.966740699999949]]]}}, {"type": "Feature", "properties": {"feature_id": "municipalities_00946", "source_layer": "municipalities", "source_layer_label": "Brazilian municipalities", "feature_name": "Eus\u00e9bio", "source_year": 2025, "source_file": "municipalities_2025_simplified.parquet", "code_state": 23.0, "abbrev_state": "CE", "name_state": "Cear\u00e1", "code_muni": 2304285.0, "name_muni": "Eus\u00e9bio", "name_region": "Nordeste", "code_region": 2.0, "year": 2025.0, "uc_id": null, "cd_cnuc": null, "wdpa_pid": null, "nome_uc": null, "cria_ano": null, "cria_ato": null, "outro_ato": null, "pl_manejo": null, "co_gestor": null, "quali_pol": null, "ppgr": null, "ha_total": null, "ha_ato": null, "esfera": null, "uf": null, "municipio": null, "org_gestor": null, "grupo": null, "categoria": null, "cat_iucn": null, "amazonia": null, "caatinga": null, "cerrado": null, "matlantica": null, "pampa": null, "pantanal": null, "marinho": null, "situacao": null, "limite": null, "rbiosfera": null, "nome_abrev": null, "date": null, "code_indigenous_land": null, "name_indigenous_land": null, "area_ha": null, "fase_ti": null, "modalidade": null, "coordination_region": null, "faixa_fron": null, "code_adm_unit": null, "name_adm_unit": null, "abbrev_adm_unit": null}, "geometry": {"type": "Polygon", "coordinates": [[[-38.5088292, -3.936735699999929], [-38.5063708, -3.911932599999941], [-38.50187559999989, -3.888182099999941], [-38.497785099999895, -3.887284299999979], [-38.4938988, -3.88395419999995], [-38.4918809, -3.874461199999929], [-38.4883753999999, -3.866818099999931], [-38.4832648999999, -3.86321759999993], [-38.4810090999999, -3.86373529999997], [-38.4779631, -3.86223719999992], [-38.477774, -3.859211199999949], [-38.475344699999894, -3.857818], [-38.4756889, -3.85501119999998], [-38.471309899999895, -3.853629199999939], [-38.47106, -3.85069609999994], [-38.4678499, -3.84970119999997], [-38.466334, -3.84350719999998], [-38.4640201, -3.842082199999939], [-38.46362409999989, -3.84361119999994], [-38.45881, -3.84306709999993], [-38.4498876, -3.837871299999959], [-38.4457408, -3.82642009999995], [-38.4451897, -3.81926619999996], [-38.4422708, -3.813732], [-38.445806699999906, -3.804866799999961], [-38.4429292, -3.80154989999994], [-38.40939689999989, -3.819092099999979], [-38.412106, -3.82193], [-38.415595999999894, -3.820922], [-38.4191650999999, -3.823097], [-38.4200266, -3.82551349999994], [-38.417813, -3.828548], [-38.4221042, -3.83647859999996], [-38.4207335, -3.84054169999996], [-38.422267799999894, -3.84465], [-38.4204146, -3.847061499999939], [-38.4189718, -3.845128899999961], [-38.4174988, -3.84555149999994], [-38.4151959, -3.852340399999949], [-38.416486, -3.85434259999994], [-38.4133256, -3.85548829999993], [-38.4142931, -3.85660329999996], [-38.41295749999989, -3.85701589999996], [-38.4145414, -3.85823969999996], [-38.4123774, -3.861211699999961], [-38.4139726, -3.863261699999949], [-38.4125609, -3.871283], [-38.4143698999999, -3.87804389999997], [-38.4236466, -3.88446009999996], [-38.4324381, -3.886167499999941], [-38.4339757, -3.894393199999969], [-38.4364351, -3.89557149999996], [-38.4399013999999, -3.900759599999959], [-38.4435448, -3.902498], [-38.4436271, -3.905639199999941], [-38.447354399999895, -3.91306509999993], [-38.4486, -3.923459599999939], [-38.463564899999895, -3.91393729999993], [-38.4673989, -3.923971499999939], [-38.4719782, -3.928495699999929], [-38.4783763999999, -3.928590299999939], [-38.4826411, -3.924868499999949], [-38.4858225, -3.924482], [-38.4879420999999, -3.925702599999971], [-38.4934929, -3.934198], [-38.501390199999896, -3.93793049999994], [-38.5088292, -3.936735699999929]]]}}, {"type": "Feature", "properties": {"feature_id": "municipalities_00949", "source_layer": "municipalities", "source_layer_label": "Brazilian municipalities", "feature_name": "Fortaleza", "source_year": 2025, "source_file": "municipalities_2025_simplified.parquet", "code_state": 23.0, "abbrev_state": "CE", "name_state": "Cear\u00e1", "code_muni": 2304400.0, "name_muni": "Fortaleza", "name_region": "Nordeste", "code_region": 2.0, "year": 2025.0, "uc_id": null, "cd_cnuc": null, "wdpa_pid": null, "nome_uc": null, "cria_ano": null, "cria_ato": null, "outro_ato": null, "pl_manejo": null, "co_gestor": null, "quali_pol": null, "ppgr": null, "ha_total": null, "ha_ato": null, "esfera": null, "uf": null, "municipio": null, "org_gestor": null, "grupo": null, "categoria": null, "cat_iucn": null, "amazonia": null, "caatinga": null, "cerrado": null, "matlantica": null, "pampa": null, "pantanal": null, "marinho": null, "situacao": null, "limite": null, "rbiosfera": null, "nome_abrev": null, "date": null, "code_indigenous_land": null, "name_indigenous_land": null, "area_ha": null, "fase_ti": null, "modalidade": null, "coordination_region": null, "faixa_fron": null, "code_adm_unit": null, "name_adm_unit": null, "abbrev_adm_unit": null}, "geometry": {"type": "Polygon", "coordinates": [[[-38.51265879999989, -3.890265099999971], [-38.5140643999999, -3.89460309999993], [-38.5311579999999, -3.879367], [-38.5266773, -3.870945899999979], [-38.520516, -3.867253], [-38.518954, -3.864611], [-38.5423193, -3.85919019999994], [-38.54135869999989, -3.853367299999951], [-38.565488, -3.843633399999931], [-38.5875996, -3.83891129999995], [-38.5945151999999, -3.833947099999929], [-38.614695299999894, -3.82393489999993], [-38.61414949999989, -3.822857], [-38.6181347, -3.821218], [-38.6225011999999, -3.816967299999929], [-38.6215200999999, -3.81525909999993], [-38.630527, -3.80974409999993], [-38.6297676999999, -3.806536699999979], [-38.637726, -3.804689399999971], [-38.6379029, -3.80139539999993], [-38.6343638, -3.797702099999979], [-38.6352735, -3.79195839999994], [-38.63342929999989, -3.79058089999995], [-38.6315443, -3.78368739999996], [-38.6280283, -3.784677699999969], [-38.6254476999999, -3.780958599999961], [-38.622516399999895, -3.781787499999951], [-38.6214532, -3.777028699999961], [-38.6115607999999, -3.756746599999929], [-38.60133239999989, -3.748465599999971], [-38.5989311, -3.742229099999971], [-38.60119, -3.741265], [-38.6023059999999, -3.736888899999939], [-38.6011435999999, -3.734449799999941], [-38.6059981999999, -3.727069399999949], [-38.6094323999999, -3.72402159999996], [-38.6147802, -3.722772899999939], [-38.6161973, -3.720787199999959], [-38.6175122999999, -3.72209309999994], [-38.6168938, -3.719284099999919], [-38.619222, -3.71954919999996], [-38.6201965, -3.718271799999969], [-38.6178452999999, -3.71031069999998], [-38.6211511999999, -3.709521499999942], [-38.6218456999999, -3.70262169999995], [-38.595581599999896, -3.70301969999997], [-38.58944139999989, -3.69916729999994], [-38.5866652, -3.692026], [-38.5817855, -3.69387819999997], [-38.5811310999999, -3.692130499999959], [-38.5783059999999, -3.69568369999996], [-38.5763274999999, -3.69449659999998], [-38.5772105, -3.695889899999939], [-38.5750404999999, -3.698590399999939], [-38.5710127999999, -3.700646899999981], [-38.57040579999989, -3.69956949999994], [-38.57077459999991, -3.70067079999995], [-38.568141, -3.70226119999995], [-38.5630915, -3.70313909999993], [-38.5620423, -3.70059469999995], [-38.5642472, -3.698645], [-38.5632704, -3.69851279999995], [-38.5618994, -3.70047489999996], [-38.5631935, -3.70381029999993], [-38.5623264, -3.704316899999979], [-38.5597289, -3.70516529999998], [-38.5590581, -3.703873], [-38.5558445, -3.706671299999929], [-38.554678, -3.70480369999996], [-38.5553773999999, -3.706311], [-38.554224, -3.70738859999994], [-38.5525317, -3.708536599999949], [-38.5513172, -3.707291399999971], [-38.5519479, -3.70876369999996], [-38.5492689, -3.710563099999939], [-38.547542099999895, -3.708743], [-38.5484205999999, -3.71074859999993], [-38.5461683, -3.712135799999941], [-38.5453348, -3.71118989999997], [-38.5457751, -3.71212359999993], [-38.5434989, -3.713690199999971], [-38.54134429999989, -3.71097059999994], [-38.5423898999999, -3.71424979999995], [-38.53936359999991, -3.71636889999996], [-38.52558909999989, -3.71994389999998], [-38.5243285999999, -3.717426], [-38.5222199, -3.71748469999994], [-38.5275578, -3.716087399999939], [-38.5265216999999, -3.715440499999939], [-38.5206828999999, -3.71790279999993], [-38.51979049999989, -3.71576], [-38.5199205, -3.71781859999993], [-38.5169418999999, -3.718331599999939], [-38.5163673, -3.71614359999995], [-38.5167989, -3.718367399999979], [-38.5127004, -3.71902339999997], [-38.5108265, -3.71344449999998], [-38.5112349, -3.719297799999938], [-38.5046096, -3.72203479999996], [-38.5040673, -3.720472299999929], [-38.50454949999989, -3.722956299999959], [-38.495851699999896, -3.72503369999993], [-38.4907383999999, -3.724275799999929], [-38.4881336, -3.72212109999992], [-38.4822910999999, -3.72224069999993], [-38.4762152, -3.71932149999998], [-38.4772727, -3.71531689999995], [-38.4825638999999, -3.71228019999995], [-38.4831847999999, -3.709899], [-38.4824091, -3.71220829999993], [-38.4773829, -3.715051799999969], [-38.4728820999999, -3.706242699999959], [-38.4761136, -3.701086399999949], [-38.4794855, -3.700214799999969], [-38.4825003, -3.69873249999995], [-38.4735876999999, -3.70163549999995], [-38.4705111, -3.70679179999996], [-38.4671506, -3.70862079999995], [-38.4603025, -3.705064], [-38.46403, -3.70754179999994], [-38.4634834, -3.712752799999979], [-38.4561904999999, -3.731107], [-38.4358215, -3.770570499999959], [-38.4352503, -3.76954089999992], [-38.4337002, -3.77162229999993], [-38.4209438, -3.794007299999981], [-38.402214, -3.820860099999949], [-38.4013571, -3.82658509999993], [-38.40593109999999, -3.823985699999981], [-38.4058699, -3.82154249999996], [-38.4084146, -3.819611], [-38.4429292, -3.80154989999994], [-38.4460031, -3.80519949999996], [-38.4422188999999, -3.811673], [-38.4426038, -3.81579109999996], [-38.4451897, -3.81926619999996], [-38.4457408, -3.82642009999995], [-38.4498876, -3.837871299999959], [-38.45881, -3.84306709999993], [-38.46362409999989, -3.84361119999994], [-38.4640201, -3.842082199999939], [-38.466334, -3.84350719999998], [-38.4678499, -3.84970119999997], [-38.47106, -3.85069609999994], [-38.471309899999895, -3.853629199999939], [-38.4756889, -3.85501119999998], [-38.475344699999894, -3.857818], [-38.477774, -3.859211199999949], [-38.4779631, -3.86223719999992], [-38.4810090999999, -3.86373529999997], [-38.4832648999999, -3.86321759999993], [-38.4883753999999, -3.866818099999931], [-38.4918809, -3.874461199999929], [-38.4938988, -3.88395419999995], [-38.4960818, -3.88628519999997], [-38.5045547, -3.88824019999993], [-38.505755, -3.890542], [-38.50900399999989, -3.888716], [-38.51265879999989, -3.890265099999971]]]}}, {"type": "Feature", "properties": {"feature_id": "municipalities_00976", "source_layer": "municipalities", "source_layer_label": "Brazilian municipalities", "feature_name": "Itaitinga", "source_year": 2025, "source_file": "municipalities_2025_simplified.parquet", "code_state": 23.0, "abbrev_state": "CE", "name_state": "Cear\u00e1", "code_muni": 2306256.0, "name_muni": "Itaitinga", "name_region": "Nordeste", "code_region": 2.0, "year": 2025.0, "uc_id": null, "cd_cnuc": null, "wdpa_pid": null, "nome_uc": null, "cria_ano": null, "cria_ato": null, "outro_ato": null, "pl_manejo": null, "co_gestor": null, "quali_pol": null, "ppgr": null, "ha_total": null, "ha_ato": null, "esfera": null, "uf": null, "municipio": null, "org_gestor": null, "grupo": null, "categoria": null, "cat_iucn": null, "amazonia": null, "caatinga": null, "cerrado": null, "matlantica": null, "pampa": null, "pantanal": null, "marinho": null, "situacao": null, "limite": null, "rbiosfera": null, "nome_abrev": null, "date": null, "code_indigenous_land": null, "name_indigenous_land": null, "area_ha": null, "fase_ti": null, "modalidade": null, "coordination_region": null, "faixa_fron": null, "code_adm_unit": null, "name_adm_unit": null, "abbrev_adm_unit": null}, "geometry": {"type": "Polygon", "coordinates": [[[-38.61284729999989, -4.10404089999997], [-38.6045806999999, -4.058758399999928], [-38.57472169999989, -4.05415469999997], [-38.5737215999999, -3.995968199999939], [-38.5661291, -3.96248029999992], [-38.5559615, -3.90603739999995], [-38.54876139999989, -3.894035899999949], [-38.5527458, -3.886984199999969], [-38.54860519999989, -3.886559499999979], [-38.5469697, -3.887743399999981], [-38.5423193, -3.85919019999994], [-38.518954, -3.864611], [-38.520516, -3.867253], [-38.5266773, -3.870945899999979], [-38.5311579999999, -3.879367], [-38.5140643999999, -3.89460309999993], [-38.5116333999999, -3.88906859999997], [-38.508505, -3.888748], [-38.505755, -3.890542], [-38.5045547, -3.88824019999993], [-38.50187559999989, -3.888182099999941], [-38.5063708, -3.911932599999941], [-38.5093358999999, -3.94342729999994], [-38.5120567, -3.94892209999995], [-38.5129239, -3.957647199999939], [-38.515425799999896, -3.962674], [-38.5140795, -3.97934729999997], [-38.5186126999999, -4.01801449999994], [-38.5272021, -4.022949199999969], [-38.5258577, -4.02930929999997], [-38.5335931, -4.03893469999997], [-38.5362061, -4.03972019999998], [-38.53651519999989, -4.04469869999997], [-38.5392222999999, -4.049561], [-38.5357933999999, -4.052872799999931], [-38.5333692999999, -4.05879879999998], [-38.5343649, -4.06169329999994], [-38.533017, -4.068261299999958], [-38.5376439, -4.073264], [-38.5360226999999, -4.07572469999997], [-38.535993899999895, -4.07924549999996], [-38.5502178, -4.092787299999939], [-38.5576287, -4.114364], [-38.5575441, -4.119169599999959], [-38.5632927, -4.12331069999993], [-38.5664484, -4.122272], [-38.5671793999999, -4.118634899999958], [-38.5721174, -4.11369169999995], [-38.576287599999894, -4.105730099999961], [-38.5976345, -4.10598679999993], [-38.6024920999999, -4.10464279999997], [-38.6056816999999, -4.10186189999996], [-38.61284729999989, -4.10404089999997]]]}}, {"type": "Feature", "properties": {"feature_id": "municipalities_00994", "source_layer": "municipalities", "source_layer_label": "Brazilian municipalities", "feature_name": "Maracana\u00fa", "source_year": 2025, "source_file": "municipalities_2025_simplified.parquet", "code_state": 23.0, "abbrev_state": "CE", "name_state": "Cear\u00e1", "code_muni": 2307650.0, "name_muni": "Maracana\u00fa", "name_region": "Nordeste", "code_region": 2.0, "year": 2025.0, "uc_id": null, "cd_cnuc": null, "wdpa_pid": null, "nome_uc": null, "cria_ano": null, "cria_ato": null, "outro_ato": null, "pl_manejo": null, "co_gestor": null, "quali_pol": null, "ppgr": null, "ha_total": null, "ha_ato": null, "esfera": null, "uf": null, "municipio": null, "org_gestor": null, "grupo": null, "categoria": null, "cat_iucn": null, "amazonia": null, "caatinga": null, "cerrado": null, "matlantica": null, "pampa": null, "pantanal": null, "marinho": null, "situacao": null, "limite": null, "rbiosfera": null, "nome_abrev": null, "date": null, "code_indigenous_land": null, "name_indigenous_land": null, "area_ha": null, "fase_ti": null, "modalidade": null, "coordination_region": null, "faixa_fron": null, "code_adm_unit": null, "name_adm_unit": null, "abbrev_adm_unit": null}, "geometry": {"type": "Polygon", "coordinates": [[[-38.6291972999999, -3.95193869999997], [-38.6312887, -3.95698659999994], [-38.6347334, -3.95827079999998], [-38.6401157, -3.968452899999929], [-38.65860289999989, -3.95403949999996], [-38.6544021, -3.94204749999994], [-38.6543315, -3.936453599999941], [-38.6553734, -3.93332719999995], [-38.6595975, -3.93123459999993], [-38.6639023, -3.920551799999939], [-38.6620842, -3.92013], [-38.6611452, -3.917883], [-38.6575295, -3.91810539999994], [-38.651647399999895, -3.90244229999996], [-38.6545093, -3.900462399999978], [-38.6498127, -3.89795619999995], [-38.651132, -3.89548], [-38.6480385, -3.89371379999994], [-38.6488264, -3.88060539999998], [-38.6507157, -3.87817429999996], [-38.6465931, -3.875733399999941], [-38.6517756, -3.873113499999929], [-38.6608176999999, -3.865438], [-38.6554548, -3.85992059999995], [-38.6691192, -3.862407], [-38.6727878999999, -3.860154599999928], [-38.6797271, -3.859208], [-38.6812954, -3.85736719999994], [-38.6881286, -3.856783799999961], [-38.6754063999999, -3.834792799999949], [-38.6695508999999, -3.82761509999995], [-38.6581025, -3.82687319999997], [-38.65646489999989, -3.828885399999931], [-38.644193, -3.82564589999993], [-38.6412703, -3.823565799999929], [-38.6437592999999, -3.812059499999981], [-38.6469456, -3.810714199999949], [-38.6443681, -3.80697309999994], [-38.6429337, -3.80761529999995], [-38.6402365, -3.80618639999994], [-38.6408326, -3.805009499999929], [-38.6379029, -3.80139539999993], [-38.637726, -3.804689399999971], [-38.6297676999999, -3.806536699999979], [-38.630527, -3.80974409999993], [-38.6215200999999, -3.81525909999993], [-38.6225011999999, -3.816967299999929], [-38.6181347, -3.821218], [-38.61414949999989, -3.822857], [-38.614695299999894, -3.82393489999993], [-38.5945151999999, -3.833947099999929], [-38.5875996, -3.83891129999995], [-38.565488, -3.843633399999931], [-38.54135869999989, -3.853367299999951], [-38.5423193, -3.85919019999994], [-38.5491464999999, -3.857623199999979], [-38.5648520999999, -3.850854], [-38.5680078999999, -3.865620299999931], [-38.5727472, -3.86578629999997], [-38.5773808, -3.873862], [-38.587101899999894, -3.881183599999929], [-38.5969775, -3.882913499999969], [-38.6043205999999, -3.881526699999939], [-38.6128075999999, -3.88439689999996], [-38.620956, -3.890146899999929], [-38.6253823, -3.890962299999959], [-38.6239383999999, -3.893900299999929], [-38.6229508, -3.893601499999929], [-38.6218744, -3.899653699999929], [-38.6179425, -3.899250599999959], [-38.6115394, -3.92238629999997], [-38.6141823999999, -3.92368859999993], [-38.6175471999999, -3.93849219999993], [-38.6206460999999, -3.944708699999981], [-38.6291972999999, -3.95193869999997]]]}}, {"type": "Feature", "properties": {"feature_id": "municipalities_00995", "source_layer": "municipalities", "source_layer_label": "Brazilian municipalities", "feature_name": "Maranguape", "source_year": 2025, "source_file": "municipalities_2025_simplified.parquet", "code_state": 23.0, "abbrev_state": "CE", "name_state": "Cear\u00e1", "code_muni": 2307700.0, "name_muni": "Maranguape", "name_region": "Nordeste", "code_region": 2.0, "year": 2025.0, "uc_id": null, "cd_cnuc": null, "wdpa_pid": null, "nome_uc": null, "cria_ano": null, "cria_ato": null, "outro_ato": null, "pl_manejo": null, "co_gestor": null, "quali_pol": null, "ppgr": null, "ha_total": null, "ha_ato": null, "esfera": null, "uf": null, "municipio": null, "org_gestor": null, "grupo": null, "categoria": null, "cat_iucn": null, "amazonia": null, "caatinga": null, "cerrado": null, "matlantica": null, "pampa": null, "pantanal": null, "marinho": null, "situacao": null, "limite": null, "rbiosfera": null, "nome_abrev": null, "date": null, "code_indigenous_land": null, "name_indigenous_land": null, "area_ha": null, "fase_ti": null, "modalidade": null, "coordination_region": null, "faixa_fron": null, "code_adm_unit": null, "name_adm_unit": null, "abbrev_adm_unit": null}, "geometry": {"type": "Polygon", "coordinates": [[[-38.9238242, -4.114708799999961], [-38.9260666, -4.105932699999929], [-38.92832709999989, -4.10404159999996], [-38.9435791, -4.10358549999995], [-38.9428885, -4.100611599999981], [-38.9447499, -4.099887099999929], [-38.9450682, -4.096859099999959], [-38.9487176, -4.10324829999996], [-38.951762, -4.10195929999998], [-38.9533352999999, -4.09843919999997], [-38.9574473, -4.09978649999994], [-38.9586737, -4.096280899999949], [-38.9560762, -4.096599299999979], [-38.9565673, -4.094976299999931], [-38.9529598999999, -4.092947799999929], [-38.9549512999999, -4.089311899999929], [-38.9539559, -4.08644319999996], [-38.9557308999999, -4.08409649999993], [-38.9555293, -4.080532], [-38.9604638, -4.07885139999996], [-38.9607956, -4.07446179999994], [-38.9565972999999, -4.07282409999993], [-38.98415959999989, -4.04438629999993], [-39.0035460999999, -3.991770599999941], [-38.9434661, -3.94467289999994], [-38.8716433, -3.968731399999968], [-38.8483332, -3.99487089999997], [-38.8116312999999, -3.961941899999939], [-38.7944044, -3.966740699999949], [-38.78771979999989, -3.96664369999996], [-38.78517579999989, -3.96428609999998], [-38.7801089, -3.954300399999969], [-38.7692374, -3.943635], [-38.7653529999999, -3.941958399999979], [-38.757623599999896, -3.93245689999998], [-38.7559906, -3.92780929999998], [-38.7526895, -3.927787], [-38.7432593, -3.93515179999997], [-38.7371901999999, -3.93021109999995], [-38.7353487999999, -3.92505959999994], [-38.7355416, -3.918185099999961], [-38.7324546, -3.91265], [-38.7324677, -3.90985479999995], [-38.7298772999999, -3.90578479999994], [-38.7243079, -3.901474399999931], [-38.72304969999989, -3.895324199999949], [-38.7162413, -3.881963599999949], [-38.7073368, -3.874600099999951], [-38.7030171, -3.87534659999994], [-38.70146859999989, -3.87405949999993], [-38.6881286, -3.856783799999961], [-38.6812954, -3.85736719999994], [-38.6797271, -3.859208], [-38.6727878999999, -3.860154599999928], [-38.6691192, -3.862407], [-38.6555594, -3.859751899999939], [-38.6608176999999, -3.865438], [-38.6517756, -3.873113499999929], [-38.6465931, -3.875733399999941], [-38.6507157, -3.87817429999996], [-38.6488264, -3.88060539999998], [-38.6480385, -3.89371379999994], [-38.651132, -3.89548], [-38.6498127, -3.89795619999995], [-38.6545093, -3.900462399999978], [-38.651647399999895, -3.90244229999996], [-38.6574615, -3.91799009999994], [-38.65834069999989, -3.91890869999997], [-38.6611452, -3.917883], [-38.6639446, -3.92161539999995], [-38.6595975, -3.93123459999993], [-38.6553734, -3.93332719999995], [-38.6543315, -3.936453599999941], [-38.6544021, -3.94204749999994], [-38.65860289999989, -3.95403949999996], [-38.6401157, -3.968452899999929], [-38.6430801, -3.97465409999995], [-38.6474408, -3.976968699999929], [-38.65687539999989, -3.98578119999996], [-38.6700567, -4.00504239999998], [-38.6697667, -4.00881969999995], [-38.6664863, -4.01310589999997], [-38.6664855, -4.015116599999939], [-38.6690695, -4.02023679999996], [-38.6679882999999, -4.023460099999969], [-38.67431529999989, -4.02850709999996], [-38.6745055, -4.03315239999995], [-38.6718614, -4.036886799999931], [-38.672052, -4.039152699999929], [-38.6858525, -4.04839039999996], [-38.6996010999999, -4.052128], [-38.7011861, -4.05518389999997], [-38.7097189, -4.06209439999998], [-38.718761599999894, -4.067683799999939], [-38.7227334, -4.068174099999958], [-38.7228105999999, -4.07206379999997], [-38.7263235999999, -4.07369169999993], [-38.7310593, -4.073059], [-38.7336276, -4.07103519999993], [-38.7448757999999, -4.07179259999998], [-38.74858429999989, -4.093002899999929], [-38.7507079, -4.09059129999997], [-38.7491813999999, -4.089574599999929], [-38.75128, -4.08739589999993], [-38.7509966, -4.08508339999997], [-38.7539065999999, -4.08475949999996], [-38.757079, -4.081158099999929], [-38.7557519, -4.079386], [-38.75622539999989, -4.07691149999994], [-38.758993, -4.07613909999998], [-38.7580217999999, -4.074894], [-38.7606961, -4.072411599999951], [-38.7632216, -4.08126389999995], [-38.7671058, -4.08489119999996], [-38.7690785, -4.08936529999994], [-38.7701698, -4.09567609999993], [-38.7749168, -4.09717429999995], [-38.78099819999989, -4.093741], [-38.7846751, -4.09425289999996], [-38.8099493999999, -4.08035679999995], [-38.813991, -4.08073929999995], [-38.8174088, -4.08474059999998], [-38.8344878, -4.07264089999995], [-38.8376137999999, -4.07678509999994], [-38.8376456, -4.081370099999961], [-38.8406641999999, -4.08629679999996], [-38.8407101, -4.10413309999996], [-38.8460334, -4.10614809999993], [-38.8504212999999, -4.10514259999997], [-38.8525691, -4.10749339999995], [-38.85569259999989, -4.105134499999959], [-38.8634431, -4.10494539999996], [-38.86298750000001, -4.10610749999995], [-38.8570678, -4.107601599999951], [-38.8561642, -4.10945579999998], [-38.8572493999999, -4.11097], [-38.8620958, -4.11222259999994], [-38.8641373, -4.120451499999939], [-38.86585389999989, -4.119961699999979], [-38.8673181, -4.11640039999997], [-38.8707628999999, -4.114759899999971], [-38.8723679, -4.110962499999969], [-38.8797324999999, -4.114053899999929], [-38.8838277, -4.11383879999994], [-38.8803462, -4.10699489999996], [-38.8860195999999, -4.106326299999979], [-38.8865747, -4.10200129999993], [-38.891786099999905, -4.10755259999996], [-38.90822539999989, -4.10357179999994], [-38.9074863, -4.10925739999993], [-38.9099557, -4.115561], [-38.9154682, -4.12002849999993], [-38.9190275, -4.11925959999996], [-38.9238242, -4.114708799999961]]]}}, {"type": "Feature", "properties": {"feature_id": "municipalities_01018", "source_layer": "municipalities", "source_layer_label": "Brazilian municipalities", "feature_name": "Pacatuba", "source_year": 2025, "source_file": "municipalities_2025_simplified.parquet", "code_state": 23.0, "abbrev_state": "CE", "name_state": "Cear\u00e1", "code_muni": 2309706.0, "name_muni": "Pacatuba", "name_region": "Nordeste", "code_region": 2.0, "year": 2025.0, "uc_id": null, "cd_cnuc": null, "wdpa_pid": null, "nome_uc": null, "cria_ano": null, "cria_ato": null, "outro_ato": null, "pl_manejo": null, "co_gestor": null, "quali_pol": null, "ppgr": null, "ha_total": null, "ha_ato": null, "esfera": null, "uf": null, "municipio": null, "org_gestor": null, "grupo": null, "categoria": null, "cat_iucn": null, "amazonia": null, "caatinga": null, "cerrado": null, "matlantica": null, "pampa": null, "pantanal": null, "marinho": null, "situacao": null, "limite": null, "rbiosfera": null, "nome_abrev": null, "date": null, "code_indigenous_land": null, "name_indigenous_land": null, "area_ha": null, "fase_ti": null, "modalidade": null, "coordination_region": null, "faixa_fron": null, "code_adm_unit": null, "name_adm_unit": null, "abbrev_adm_unit": null}, "geometry": {"type": "Polygon", "coordinates": [[[-38.5559615, -3.90603739999995], [-38.5737215999999, -3.995968199999939], [-38.57472169999989, -4.05415469999997], [-38.5941797999999, -4.02850289999998], [-38.5994734, -4.02416829999993], [-38.6057736, -4.01458289999994], [-38.6050337, -4.011465299999939], [-38.6070147999999, -4.010136099999949], [-38.6098481, -4.01463079999996], [-38.6154531, -4.01632869999997], [-38.6247068, -4.01448029999995], [-38.6276594999999, -4.02332249999995], [-38.63577109999989, -4.023586399999939], [-38.6494478, -4.00605009999992], [-38.6547914999999, -4.01312059999998], [-38.6677142, -4.01843259999993], [-38.6664863, -4.01310589999997], [-38.6697667, -4.00881969999995], [-38.6700567, -4.00504239999998], [-38.65687539999989, -3.98578119999996], [-38.6474408, -3.976968699999929], [-38.6430801, -3.97465409999995], [-38.6347334, -3.95827079999998], [-38.6312887, -3.95698659999994], [-38.628792299999894, -3.95121309999996], [-38.6206460999999, -3.944708699999981], [-38.6175471999999, -3.93849219999993], [-38.6141823999999, -3.92368859999993], [-38.6115394, -3.92238629999997], [-38.6179425, -3.899250599999959], [-38.6218744, -3.899653699999929], [-38.6229508, -3.893601499999929], [-38.6239383999999, -3.893900299999929], [-38.6253823, -3.890962299999959], [-38.620956, -3.890146899999929], [-38.6128075999999, -3.88439689999996], [-38.6043205999999, -3.881526699999939], [-38.5969775, -3.882913499999969], [-38.587101899999894, -3.881183599999929], [-38.5773808, -3.873862], [-38.5727472, -3.86578629999997], [-38.5680078999999, -3.865620299999931], [-38.5648520999999, -3.850854], [-38.5491464999999, -3.857623199999979], [-38.5423193, -3.85919019999994], [-38.5469697, -3.887743399999981], [-38.54860519999989, -3.886559499999979], [-38.5527458, -3.886984199999969], [-38.54876139999989, -3.894035899999949], [-38.5559615, -3.90603739999995]]]}}, {"type": "Feature", "properties": {"feature_id": "municipalities_01023", "source_layer": "municipalities", "source_layer_label": "Brazilian municipalities", "feature_name": "Paracuru", "source_year": 2025, "source_file": "municipalities_2025_simplified.parquet", "code_state": 23.0, "abbrev_state": "CE", "name_state": "Cear\u00e1", "code_muni": 2310209.0, "name_muni": "Paracuru", "name_region": "Nordeste", "code_region": 2.0, "year": 2025.0, "uc_id": null, "cd_cnuc": null, "wdpa_pid": null, "nome_uc": null, "cria_ano": null, "cria_ato": null, "outro_ato": null, "pl_manejo": null, "co_gestor": null, "quali_pol": null, "ppgr": null, "ha_total": null, "ha_ato": null, "esfera": null, "uf": null, "municipio": null, "org_gestor": null, "grupo": null, "categoria": null, "cat_iucn": null, "amazonia": null, "caatinga": null, "cerrado": null, "matlantica": null, "pampa": null, "pantanal": null, "marinho": null, "situacao": null, "limite": null, "rbiosfera": null, "nome_abrev": null, "date": null, "code_indigenous_land": null, "name_indigenous_land": null, "area_ha": null, "fase_ti": null, "modalidade": null, "coordination_region": null, "faixa_fron": null, "code_adm_unit": null, "name_adm_unit": null, "abbrev_adm_unit": null}, "geometry": {"type": "Polygon", "coordinates": [[[-38.9680994999999, -3.51123079999996], [-38.9668842, -3.521514], [-38.9625103, -3.52404159999998], [-38.9642152, -3.53059179999997], [-38.9607875, -3.53512189999998], [-38.9579641, -3.54416989999993], [-38.9617517999999, -3.54923269999995], [-38.96464619999989, -3.55048949999997], [-38.9693457, -3.54971649999993], [-38.9740333999999, -3.552237599999959], [-38.9756164999999, -3.55519339999995], [-38.9820129, -3.557312], [-38.9839426, -3.56007669999997], [-38.98744459999989, -3.56126159999997], [-38.9925942, -3.55753809999993], [-38.9955292, -3.557136], [-38.9959866, -3.55426349999993], [-39.00219969999989, -3.55424439999996], [-39.006545, -3.552272], [-39.0101557, -3.55229719999994], [-39.0120527999999, -3.55384219999996], [-39.019962099999894, -3.552463299999939], [-39.0266587, -3.55538239999993], [-39.0290529, -3.55340139999993], [-39.0329952, -3.55347369999993], [-39.0337575, -3.55113739999996], [-39.0368354, -3.55143409999994], [-39.0409597, -3.54895419999997], [-39.04732949999989, -3.551074499999969], [-39.0495897, -3.55406829999993], [-39.0575904999999, -3.543989], [-39.06571089999989, -3.54501489999996], [-39.0700317, -3.542626], [-39.0815623, -3.55082819999996], [-39.0815673, -3.55336879999993], [-39.1012029999999, -3.54943679999997], [-39.1004756999999, -3.53223339999994], [-39.1175176, -3.528339299999971], [-39.1665412, -3.522984399999931], [-39.1645449, -3.51789569999994], [-39.1660679, -3.51367929999998], [-39.1649558, -3.507895399999939], [-39.1598812, -3.504277], [-39.155163, -3.495114799999949], [-39.1485157, -3.487662], [-39.1421549, -3.48424479999994], [-39.1407821, -3.47993639999993], [-39.128505899999894, -3.487894699999969], [-39.1222885, -3.48790989999998], [-39.1191439, -3.48614379999998], [-39.1193001, -3.47831649999995], [-39.1145686999999, -3.47343389999997], [-39.1169121999999, -3.47000109999993], [-39.1172541999999, -3.46165669999993], [-39.1212409, -3.45453259999994], [-39.1178674, -3.45008079999997], [-39.1179812999999, -3.44670569999994], [-39.1231685, -3.440601099999979], [-39.1237970999999, -3.43798719999995], [-39.1228819999999, -3.43479889999998], [-39.1206094, -3.43367889999996], [-39.1105914, -3.43899409999995], [-39.1053459, -3.436668099999959], [-39.1048597, -3.43375259999993], [-39.1100038, -3.42550819999997], [-39.1071305999999, -3.420122699999979], [-39.09441059999989, -3.41670589999995], [-39.0837195999999, -3.407400199999929], [-39.0756592, -3.40830569999997], [-39.0655553, -3.41192569999993], [-39.0627825999999, -3.41064769999997], [-39.0645534999999, -3.40673939999994], [-39.0487479, -3.41257429999996], [-39.0408745999999, -3.41185479999996], [-39.0404814, -3.410837199999949], [-39.0363841999999, -3.411348], [-39.03388199999989, -3.410324599999969], [-39.0310567999999, -3.407311], [-39.0313475999999, -3.40571959999994], [-39.0293007999999, -3.40469119999995], [-39.0157184999999, -3.40343729999995], [-39.0113615, -3.398755799999949], [-39.0068376999999, -3.396849099999939], [-39.0007332, -3.39659289999997], [-38.9943360999999, -3.39780679999996], [-38.973351099999896, -3.41149829999995], [-38.95295079999989, -3.437353], [-38.9455093999999, -3.445503499999969], [-38.9398097, -3.44897969999994], [-38.9285633, -3.47307289999998], [-38.92898189999989, -3.47423189999995], [-38.9310831, -3.471761799999971], [-38.93492619999989, -3.47100989999996], [-38.9363142, -3.47207809999998], [-38.9385291, -3.47766509999997], [-38.9374855, -3.48118379999994], [-38.9386287999999, -3.48351049999997], [-38.9466467, -3.48892549999994], [-38.9478612, -3.49630769999993], [-38.9510485, -3.496666899999981], [-38.9521632, -3.49866329999998], [-38.9553505, -3.49986989999996], [-38.9573371, -3.50380519999993], [-38.959481, -3.50453779999998], [-38.9604241, -3.50976559999998], [-38.9680994999999, -3.51123079999996]]]}}, {"type": "Feature", "properties": {"feature_id": "municipalities_01024", "source_layer": "municipalities", "source_layer_label": "Brazilian municipalities", "feature_name": "Paraipaba", "source_year": 2025, "source_file": "municipalities_2025_simplified.parquet", "code_state": 23.0, "abbrev_state": "CE", "name_state": "Cear\u00e1", "code_muni": 2310258.0, "name_muni": "Paraipaba", "name_region": "Nordeste", "code_region": 2.0, "year": 2025.0, "uc_id": null, "cd_cnuc": null, "wdpa_pid": null, "nome_uc": null, "cria_ano": null, "cria_ato": null, "outro_ato": null, "pl_manejo": null, "co_gestor": null, "quali_pol": null, "ppgr": null, "ha_total": null, "ha_ato": null, "esfera": null, "uf": null, "municipio": null, "org_gestor": null, "grupo": null, "categoria": null, "cat_iucn": null, "amazonia": null, "caatinga": null, "cerrado": null, "matlantica": null, "pampa": null, "pantanal": null, "marinho": null, "situacao": null, "limite": null, "rbiosfera": null, "nome_abrev": null, "date": null, "code_indigenous_land": null, "name_indigenous_land": null, "area_ha": null, "fase_ti": null, "modalidade": null, "coordination_region": null, "faixa_fron": null, "code_adm_unit": null, "name_adm_unit": null, "abbrev_adm_unit": null}, "geometry": {"type": "Polygon", "coordinates": [[[-39.2223845, -3.501597], [-39.2213676, -3.50015239999993], [-39.2300633999999, -3.497492899999941], [-39.24512, -3.49572049999995], [-39.2624632, -3.49050659999995], [-39.2637748, -3.48253709999994], [-39.25802989999989, -3.47151539999993], [-39.2575409999999, -3.45638489999993], [-39.2532285, -3.44795309999995], [-39.255811, -3.43906079999994], [-39.2535849, -3.42748459999996], [-39.25369769999999, -3.41848759999993], [-39.2503371, -3.41190649999993], [-39.25060849999989, -3.40481929999993], [-39.2535597, -3.39657959999994], [-39.2635427, -3.38356369999997], [-39.262093, -3.37804909999994], [-39.2551346, -3.37627349999997], [-39.2505388, -3.37104909999994], [-39.2555374, -3.35997149999997], [-39.244815, -3.35843849999998], [-39.23795929999989, -3.359580799999951], [-39.225268, -3.35485389999997], [-39.222752199999896, -3.35213529999993], [-39.2144822, -3.34999239999996], [-39.2105764, -3.35144859999997], [-39.2085001999999, -3.354972499999969], [-39.2038512999999, -3.356218199999939], [-39.2000778, -3.352542299999929], [-39.1948755, -3.35009229999997], [-39.1949317, -3.34549639999994], [-39.1926826, -3.34164779999998], [-39.182336099999894, -3.34113279999997], [-39.17945769999991, -3.334182], [-39.17495999999989, -3.32857209999997], [-39.168939, -3.328802899999969], [-39.16587109999989, -3.32713739999997], [-39.16509, -3.32815249999993], [-39.1648393999999, -3.32618839999998], [-39.1563983, -3.33532169999995], [-39.1393777, -3.345708499999939], [-39.1275899, -3.343614799999949], [-39.1171464, -3.34483889999996], [-39.1127379, -3.34711469999996], [-39.10333639999989, -3.36622629999994], [-39.0882776, -3.388347699999939], [-39.07420169999989, -3.40139449999998], [-39.0645534999999, -3.40673939999994], [-39.0627825999999, -3.41064769999997], [-39.0655553, -3.41192569999993], [-39.0756592, -3.40830569999997], [-39.0837195999999, -3.407400199999929], [-39.09441059999989, -3.41670589999995], [-39.1078166999999, -3.42097], [-39.1100038, -3.42550819999997], [-39.10471679999989, -3.43418349999996], [-39.1065465999999, -3.43767329999997], [-39.1105914, -3.43899409999995], [-39.1198947999999, -3.43375079999993], [-39.1225246, -3.43441119999994], [-39.1234686, -3.440141499999919], [-39.1178241, -3.44733759999997], [-39.1178674, -3.45008079999997], [-39.1211552, -3.45496349999996], [-39.1172541999999, -3.46165669999993], [-39.1169121999999, -3.47000109999993], [-39.1145686999999, -3.47343389999997], [-39.1193001, -3.47831649999995], [-39.1187578999999, -3.48544009999995], [-39.120673399999895, -3.48759419999993], [-39.128505899999894, -3.487894699999969], [-39.1407821, -3.47993639999993], [-39.1421549, -3.48424479999994], [-39.1485157, -3.487662], [-39.155163, -3.495114799999949], [-39.1598812, -3.504277], [-39.1649558, -3.507895399999939], [-39.1660679, -3.51367929999998], [-39.1645449, -3.51789569999994], [-39.1665412, -3.522984399999931], [-39.2115092999999, -3.51282529999997], [-39.2104641, -3.50962909999993], [-39.220985, -3.50702619999993], [-39.2223845, -3.501597]]]}}, {"type": "Feature", "properties": {"feature_id": "municipalities_01029", "source_layer": "municipalities", "source_layer_label": "Brazilian municipalities", "feature_name": "Pentecoste", "source_year": 2025, "source_file": "municipalities_2025_simplified.parquet", "code_state": 23.0, "abbrev_state": "CE", "name_state": "Cear\u00e1", "code_muni": 2310704.0, "name_muni": "Pentecoste", "name_region": "Nordeste", "code_region": 2.0, "year": 2025.0, "uc_id": null, "cd_cnuc": null, "wdpa_pid": null, "nome_uc": null, "cria_ano": null, "cria_ato": null, "outro_ato": null, "pl_manejo": null, "co_gestor": null, "quali_pol": null, "ppgr": null, "ha_total": null, "ha_ato": null, "esfera": null, "uf": null, "municipio": null, "org_gestor": null, "grupo": null, "categoria": null, "cat_iucn": null, "amazonia": null, "caatinga": null, "cerrado": null, "matlantica": null, "pampa": null, "pantanal": null, "marinho": null, "situacao": null, "limite": null, "rbiosfera": null, "nome_abrev": null, "date": null, "code_indigenous_land": null, "name_indigenous_land": null, "area_ha": null, "fase_ti": null, "modalidade": null, "coordination_region": null, "faixa_fron": null, "code_adm_unit": null, "name_adm_unit": null, "abbrev_adm_unit": null}, "geometry": {"type": "Polygon", "coordinates": [[[-38.9586080999999, -3.91324009999994], [-38.9624540999999, -3.92321319999996], [-38.9540168, -3.930125699999961], [-38.9546943, -3.933753899999939], [-38.9478278, -3.93636739999994], [-38.9469435, -3.942479399999969], [-38.9434661, -3.94467289999994], [-39.0035460999999, -3.991770599999941], [-39.0277518999999, -4.06313449999993], [-39.06387319999989, -4.06646759999995], [-39.2036806999999, -4.046781], [-39.1982778, -4.037117], [-39.192265, -4.030058], [-39.1936904, -4.022681099999939], [-39.1923550999999, -4.01167409999994], [-39.1903846, -4.008698699999969], [-39.187404, -4.00732659999994], [-39.1854329, -4.00165679999998], [-39.1917392, -3.99227609999997], [-39.1883159, -3.98488419999995], [-39.1845116, -3.98211389999994], [-39.1825385999999, -3.97797349999996], [-39.18465439999989, -3.975343699999941], [-39.1914459, -3.972102099999971], [-39.193839, -3.967104899999979], [-39.192648899999895, -3.96083809999993], [-39.1870302, -3.957103099999931], [-39.18543119999999, -3.95432739999995], [-39.1940938, -3.95537479999996], [-39.2144969, -3.94543409999994], [-39.2312982, -3.91841929999993], [-39.2401437999999, -3.90030139999993], [-39.2437320999999, -3.89756109999996], [-39.2521451, -3.899746299999951], [-39.2688122, -3.91516719999993], [-39.2767256, -3.91727669999995], [-39.2795897, -3.916781799999969], [-39.2873359, -3.92143059999995], [-39.2904783, -3.919397], [-39.2939368999999, -3.919776699999939], [-39.3087406999999, -3.936383699999959], [-39.3419201, -3.85780609999995], [-39.3487947, -3.835765499999979], [-39.3488785, -3.838797899999971], [-39.3528133999999, -3.841509099999939], [-39.3542064, -3.844417099999931], [-39.4147735, -3.829859399999981], [-39.4164711999999, -3.824747499999938], [-39.4238275, -3.825038299999961], [-39.4302200999999, -3.799184199999959], [-39.4293822, -3.79621179999998], [-39.4353134999999, -3.792123], [-39.4357692, -3.788518], [-39.4322981, -3.784728499999971], [-39.423072999999896, -3.78605249999993], [-39.4200978, -3.783105099999938], [-39.4153133, -3.78375839999995], [-39.3975277, -3.77590739999994], [-39.3965739, -3.774292099999969], [-39.3979712999999, -3.76881609999998], [-39.395437699999896, -3.764628399999939], [-39.3863234, -3.764542799999961], [-39.3809912999999, -3.763049099999928], [-39.3742928, -3.767628599999971], [-39.3669656, -3.767452199999979], [-39.3631506, -3.761409899999928], [-39.36106149999989, -3.75129769999995], [-39.3551707999999, -3.74187219999993], [-39.3558868, -3.73949929999998], [-39.3506919, -3.73823759999993], [-39.351642899999895, -3.732999899999919], [-39.34819309999989, -3.733939599999931], [-39.3447646, -3.74078679999997], [-39.3388090999999, -3.74438909999998], [-39.3298293999999, -3.74040949999994], [-39.32248739999989, -3.731737799999959], [-39.3100787, -3.733503899999961], [-39.298052299999895, -3.73831449999994], [-39.2860302, -3.738942], [-39.2767243, -3.73705839999997], [-39.2136206, -3.69293189999996], [-39.1433258, -3.703942099999949], [-39.0015375, -3.684967399999949], [-38.9601647, -3.712398399999929], [-38.9608792, -3.720340599999929], [-38.9577196, -3.72173359999994], [-38.9549461999999, -3.719492899999981], [-38.9516292, -3.72368649999993], [-38.95251549999989, -3.725395599999959], [-38.9515147, -3.727032799999961], [-38.95561759999999, -3.730637899999981], [-38.9545596, -3.73239], [-38.9568229, -3.73866629999998], [-38.9555836, -3.74280249999993], [-38.9570133, -3.74404729999998], [-38.9552973999999, -3.74908349999993], [-38.95771799999989, -3.75624549999998], [-38.9576797, -3.75940509999998], [-38.95577339999989, -3.76061149999992], [-38.9570883, -3.76834789999998], [-38.9784695, -3.77874109999993], [-38.9828156999999, -3.79034569999993], [-38.9833871, -3.816139899999941], [-38.9881339, -3.82475719999996], [-38.994493799999894, -3.830769599999939], [-38.9965194, -3.830769599999939], [-38.9996411, -3.83649039999995], [-38.998116, -3.83969789999998], [-38.9996411, -3.845299099999981], [-38.9980206, -3.84673529999998], [-38.9982588999999, -3.84910509999997], [-38.9946203, -3.852440899999979], [-38.9926824999999, -3.85654929999993], [-38.9913364, -3.854457799999979], [-38.9883897, -3.856913099999931], [-38.9879162, -3.860259399999961], [-38.9859028, -3.85945569999996], [-38.98429209999989, -3.862383799999979], [-38.9843873999999, -3.86449549999998], [-38.9860573, -3.86361049999994], [-38.9869323, -3.86479839999993], [-38.9867034, -3.867498399999929], [-38.98821, -3.869328599999958], [-38.985132, -3.87207439999997], [-38.986843599999894, -3.873328799999971], [-38.98390069999989, -3.875368799999929], [-38.9849846, -3.87763739999997], [-38.981529, -3.878020299999951], [-38.9817196, -3.882496499999949], [-38.9782165999999, -3.884342499999951], [-38.9793364, -3.88505759999993], [-38.9788834999999, -3.887642799999981], [-38.9774059, -3.888959299999949], [-38.9803808999999, -3.894059], [-38.9781216, -3.89648139999997], [-38.97568119999989, -3.89628979999998], [-38.9742893, -3.89775469999995], [-38.9719251999999, -3.89695029999996], [-38.9702086, -3.898309299999939], [-38.9694181, -3.896529], [-38.9683694, -3.89698849999996], [-38.9635168, -3.905461899999981], [-38.9610764, -3.90585429999993], [-38.9619304, -3.90777889999993], [-38.9586080999999, -3.91324009999994]]]}}, {"type": "Feature", "properties": {"feature_id": "municipalities_01052", "source_layer": "municipalities", "source_layer_label": "Brazilian municipalities", "feature_name": "S\u00e3o Gon\u00e7alo do Amarante", "source_year": 2025, "source_file": "municipalities_2025_simplified.parquet", "code_state": 23.0, "abbrev_state": "CE", "name_state": "Cear\u00e1", "code_muni": 2312403.0, "name_muni": "S\u00e3o Gon\u00e7alo do Amarante", "name_region": "Nordeste", "code_region": 2.0, "year": 2025.0, "uc_id": null, "cd_cnuc": null, "wdpa_pid": null, "nome_uc": null, "cria_ano": null, "cria_ato": null, "outro_ato": null, "pl_manejo": null, "co_gestor": null, "quali_pol": null, "ppgr": null, "ha_total": null, "ha_ato": null, "esfera": null, "uf": null, "municipio": null, "org_gestor": null, "grupo": null, "categoria": null, "cat_iucn": null, "amazonia": null, "caatinga": null, "cerrado": null, "matlantica": null, "pampa": null, "pantanal": null, "marinho": null, "situacao": null, "limite": null, "rbiosfera": null, "nome_abrev": null, "date": null, "code_indigenous_land": null, "name_indigenous_land": null, "area_ha": null, "fase_ti": null, "modalidade": null, "coordination_region": null, "faixa_fron": null, "code_adm_unit": null, "name_adm_unit": null, "abbrev_adm_unit": null}, "geometry": {"type": "Polygon", "coordinates": [[[-38.9183502, -3.66665259999996], [-38.9173532999999, -3.669826099999969], [-38.9198251999999, -3.67309469999998], [-38.9208659999999, -3.68460079999994], [-38.9325132, -3.68050429999994], [-38.9402041, -3.683233599999939], [-38.9615085999999, -3.71198189999996], [-39.0015375, -3.684967399999949], [-39.1433258, -3.703942099999949], [-39.216623, -3.69281519999993], [-39.2209582999999, -3.688314099999961], [-39.2206121999999, -3.68576489999998], [-39.2224466, -3.684747099999921], [-39.2226128, -3.68247309999992], [-39.2261272, -3.68246029999995], [-39.2242175, -3.66956549999998], [-39.22770899999989, -3.66365839999997], [-39.2244309, -3.660995], [-39.2241782, -3.65156369999994], [-39.2187837, -3.64803589999997], [-39.22082729999989, -3.64367749999997], [-39.2203294, -3.63890839999993], [-39.2244292, -3.63442749999996], [-39.2252386, -3.63013739999997], [-39.220266, -3.62721789999995], [-39.2184688999999, -3.62270529999995], [-39.2187744999999, -3.61820069999993], [-39.2205759, -3.61578039999995], [-39.2156671, -3.60859509999995], [-39.2533357999999, -3.58856839999993], [-39.2581627, -3.589213199999961], [-39.262185, -3.585111399999959], [-39.292855, -3.58343859999997], [-39.300372599999896, -3.580283699999941], [-39.306830999999896, -3.57990459999996], [-39.3097141, -3.581339799999971], [-39.3148839, -3.57994269999995], [-39.3152971, -3.576764099999929], [-39.3137091, -3.57252789999995], [-39.3065675999999, -3.56544309999992], [-39.3122078, -3.557620499999929], [-39.309155299999894, -3.55194669999997], [-39.3099159, -3.54642819999998], [-39.30823839999991, -3.54182659999998], [-39.3099116, -3.537533099999961], [-39.3099098, -3.52817829999998], [-39.3031435, -3.53423459999993], [-39.2990561999999, -3.534099], [-39.2936819999999, -3.53152449999993], [-39.2868817, -3.524657099999959], [-39.2843013999999, -3.514588699999929], [-39.2841979999999, -3.50326529999995], [-39.2805946, -3.50023809999993], [-39.2636575999999, -3.49244759999993], [-39.2624632, -3.49050659999995], [-39.257472699999894, -3.492865499999939], [-39.2213676, -3.50015239999993], [-39.2225455, -3.501941899999959], [-39.220985, -3.50702619999993], [-39.2104641, -3.50962909999993], [-39.2115092999999, -3.51282529999997], [-39.1665412, -3.522984399999931], [-39.1175176, -3.528339299999971], [-39.1004756999999, -3.53223339999994], [-39.1012029999999, -3.54943679999997], [-39.0815673, -3.55336879999993], [-39.0815623, -3.55082819999996], [-39.0700317, -3.542626], [-39.06571089999989, -3.54501489999996], [-39.0575904999999, -3.543989], [-39.0495897, -3.55406829999993], [-39.04732949999989, -3.551074499999969], [-39.0409597, -3.54895419999997], [-39.0368354, -3.55143409999994], [-39.0337575, -3.55113739999996], [-39.0329952, -3.55347369999993], [-39.0290529, -3.55340139999993], [-39.0266587, -3.55538239999993], [-39.019962099999894, -3.552463299999939], [-39.0120527999999, -3.55384219999996], [-39.0101557, -3.55229719999994], [-39.006545, -3.552272], [-39.00219969999989, -3.55424439999996], [-38.9959866, -3.55426349999993], [-38.9955292, -3.557136], [-38.9865869, -3.56118979999997], [-38.9820129, -3.557312], [-38.9756164999999, -3.55519339999995], [-38.9740333999999, -3.552237599999959], [-38.9693457, -3.54971649999993], [-38.96464619999989, -3.55048949999997], [-38.9603582, -3.54826319999995], [-38.95767829999989, -3.542482299999959], [-38.9642152, -3.53059179999997], [-38.96272479999989, -3.52348149999995], [-38.968056299999894, -3.519790599999959], [-38.9683709999999, -3.51164729999994], [-38.9604241, -3.50976559999998], [-38.959481, -3.50453779999998], [-38.9573371, -3.50380519999993], [-38.9553505, -3.49986989999996], [-38.9521632, -3.49866329999998], [-38.9510485, -3.496666899999981], [-38.9478612, -3.49630769999993], [-38.9466467, -3.48892549999994], [-38.94151579999989, -3.486397499999949], [-38.9379142, -3.48247639999994], [-38.9385291, -3.47766509999997], [-38.9363142, -3.47207809999998], [-38.93492619999989, -3.47100989999996], [-38.9310831, -3.471761799999971], [-38.929196299999894, -3.47416009999995], [-38.9285633, -3.47307289999998], [-38.9179401, -3.49429269999996], [-38.911174, -3.50262209999994], [-38.9049324, -3.50614019999995], [-38.8916399, -3.505923299999949], [-38.8632167, -3.53236969999995], [-38.8521618, -3.540841599999959], [-38.8377245, -3.545482899999969], [-38.8272019, -3.546416], [-38.819643, -3.54598219999997], [-38.8136534999999, -3.54421719999993], [-38.8122587, -3.54212689999997], [-38.806557199999894, -3.548643799999979], [-38.8318922999999, -3.57076069999994], [-38.8816277999999, -3.685415899999949], [-38.9183502, -3.66665259999996]]]}}, {"type": "Feature", "properties": {"feature_id": "municipalities_01054", "source_layer": "municipalities", "source_layer_label": "Brazilian municipalities", "feature_name": "S\u00e3o Lu\u00eds do Curu", "source_year": 2025, "source_file": "municipalities_2025_simplified.parquet", "code_state": 23.0, "abbrev_state": "CE", "name_state": "Cear\u00e1", "code_muni": 2312601.0, "name_muni": "S\u00e3o Lu\u00eds do Curu", "name_region": "Nordeste", "code_region": 2.0, "year": 2025.0, "uc_id": null, "cd_cnuc": null, "wdpa_pid": null, "nome_uc": null, "cria_ano": null, "cria_ato": null, "outro_ato": null, "pl_manejo": null, "co_gestor": null, "quali_pol": null, "ppgr": null, "ha_total": null, "ha_ato": null, "esfera": null, "uf": null, "municipio": null, "org_gestor": null, "grupo": null, "categoria": null, "cat_iucn": null, "amazonia": null, "caatinga": null, "cerrado": null, "matlantica": null, "pampa": null, "pantanal": null, "marinho": null, "situacao": null, "limite": null, "rbiosfera": null, "nome_abrev": null, "date": null, "code_indigenous_land": null, "name_indigenous_land": null, "area_ha": null, "fase_ti": null, "modalidade": null, "coordination_region": null, "faixa_fron": null, "code_adm_unit": null, "name_adm_unit": null, "abbrev_adm_unit": null}, "geometry": {"type": "Polygon", "coordinates": [[[-39.2136206, -3.69293189999996], [-39.2767243, -3.73705839999997], [-39.2784597, -3.67413739999995], [-39.2839273, -3.67367449999995], [-39.289032, -3.67743569999993], [-39.29141789999989, -3.67306889999998], [-39.3033679, -3.669833499999919], [-39.3069217, -3.66401939999997], [-39.3148839, -3.57994269999995], [-39.3097141, -3.581339799999971], [-39.306830999999896, -3.57990459999996], [-39.300372599999896, -3.580283699999941], [-39.292855, -3.58343859999997], [-39.262185, -3.585111399999959], [-39.2581627, -3.589213199999961], [-39.2533357999999, -3.58856839999993], [-39.2156671, -3.60859509999995], [-39.2205759, -3.61578039999995], [-39.2187744999999, -3.61820069999993], [-39.2184688999999, -3.62270529999995], [-39.220266, -3.62721789999995], [-39.2252386, -3.63013739999997], [-39.2244292, -3.63442749999996], [-39.2203294, -3.63890839999993], [-39.22082729999989, -3.64367749999997], [-39.2187837, -3.64803589999997], [-39.2241782, -3.65156369999994], [-39.2244309, -3.660995], [-39.22770899999989, -3.66365839999997], [-39.2242175, -3.66956549999998], [-39.2261272, -3.68246029999995], [-39.2226128, -3.68247309999992], [-39.21958879999989, -3.690349], [-39.2174327, -3.690876099999969], [-39.216623, -3.69281519999993], [-39.2136206, -3.69293189999996]]]}}, {"type": "Feature", "properties": {"feature_id": "municipalities_01065", "source_layer": "municipalities", "source_layer_label": "Brazilian municipalities", "feature_name": "Trairi", "source_year": 2025, "source_file": "municipalities_2025_simplified.parquet", "code_state": 23.0, "abbrev_state": "CE", "name_state": "Cear\u00e1", "code_muni": 2313500.0, "name_muni": "Trairi", "name_region": "Nordeste", "code_region": 2.0, "year": 2025.0, "uc_id": null, "cd_cnuc": null, "wdpa_pid": null, "nome_uc": null, "cria_ano": null, "cria_ato": null, "outro_ato": null, "pl_manejo": null, "co_gestor": null, "quali_pol": null, "ppgr": null, "ha_total": null, "ha_ato": null, "esfera": null, "uf": null, "municipio": null, "org_gestor": null, "grupo": null, "categoria": null, "cat_iucn": null, "amazonia": null, "caatinga": null, "cerrado": null, "matlantica": null, "pampa": null, "pantanal": null, "marinho": null, "situacao": null, "limite": null, "rbiosfera": null, "nome_abrev": null, "date": null, "code_indigenous_land": null, "name_indigenous_land": null, "area_ha": null, "fase_ti": null, "modalidade": null, "coordination_region": null, "faixa_fron": null, "code_adm_unit": null, "name_adm_unit": null, "abbrev_adm_unit": null}, "geometry": {"type": "Polygon", "coordinates": [[[-39.3741856999999, -3.57793389999995], [-39.3736833, -3.572859599999959], [-39.3660093999999, -3.565466399999929], [-39.3621472, -3.557928], [-39.36311979999989, -3.54734769999993], [-39.3516375999999, -3.54804629999995], [-39.3436783, -3.540964199999959], [-39.3412705, -3.53603419999996], [-39.3412432, -3.530511199999979], [-39.3345962, -3.528742299999979], [-39.3341904, -3.52634879999994], [-39.3376665, -3.52110549999998], [-39.3366652, -3.518927599999929], [-39.332734, -3.51699019999995], [-39.3369491, -3.513278499999959], [-39.33102269999989, -3.501615399999929], [-39.4310196, -3.431414], [-39.4357396, -3.41824129999998], [-39.4435027, -3.414288299999951], [-39.4472876, -3.40935569999994], [-39.4651949, -3.400371099999969], [-39.4702599, -3.40273169999995], [-39.47037329999989, -3.40083589999995], [-39.4727875, -3.398795299999961], [-39.481032, -3.396019399999939], [-39.4799303999999, -3.39356419999996], [-39.4847857, -3.38619419999998], [-39.48644039999989, -3.38011839999996], [-39.4911432, -3.37493389999997], [-39.4914509, -3.37124759999995], [-39.4955704, -3.36940239999996], [-39.4926613, -3.36267789999994], [-39.4941836, -3.358608], [-39.4932062999999, -3.35702869999994], [-39.496563, -3.35398709999993], [-39.5027790999999, -3.35362489999994], [-39.5041107, -3.34943539999995], [-39.50265649999991, -3.346851099999979], [-39.505297, -3.34069809999994], [-39.5027714, -3.338521299999969], [-39.503579, -3.334356], [-39.50081349999989, -3.32882819999998], [-39.5024299, -3.32274759999996], [-39.5100724, -3.31769319999995], [-39.5121417, -3.31247409999997], [-39.51002049999989, -3.30948319999993], [-39.51051729999989, -3.30294839999993], [-39.5046561, -3.297853], [-39.5051293, -3.29167729999995], [-39.5118924, -3.29074029999992], [-39.5166019, -3.27908109999993], [-39.5224578, -3.27390789999993], [-39.5168803, -3.26462359999994], [-39.5148743, -3.25373379999996], [-39.5127788, -3.25416569999993], [-39.50851169999989, -3.245527], [-39.505463, -3.24464289999997], [-39.50412759999989, -3.24105309999993], [-39.5064093, -3.232076], [-39.5085521, -3.23111749999993], [-39.5068127, -3.22908379999996], [-39.5095987, -3.228651499999959], [-39.5071210999999, -3.22688149999993], [-39.5077152, -3.224296099999949], [-39.5061919999999, -3.22602029999996], [-39.5050722, -3.225015499999929], [-39.5055465, -3.22092219999996], [-39.5078328, -3.22139979999997], [-39.5069268999999, -3.21934169999997], [-39.5055697, -3.219773299999929], [-39.5058308, -3.21807369999993], [-39.50697339999989, -3.21701989999997], [-39.5079982, -3.21864709999994], [-39.5114028, -3.21713739999996], [-39.511258, -3.21335559999994], [-39.5088051, -3.21311739999993], [-39.51070969999989, -3.212111199999919], [-39.5103037, -3.20969379999997], [-39.5074935, -3.20926439999994], [-39.5097306, -3.20651059999994], [-39.5095140999999, -3.20208259999993], [-39.5060860999999, -3.20443], [-39.50499039999989, -3.203856099999939], [-39.5052509, -3.200959699999939], [-39.5005113, -3.19943009999997], [-39.4928916, -3.20072639999995], [-39.492273899999894, -3.20386229999997], [-39.49086929999989, -3.204605], [-39.4894398, -3.20324129999995], [-39.489771899999894, -3.20039279999997], [-39.4846042, -3.20020379999994], [-39.4849872, -3.204416299999929], [-39.487917, -3.20594679999994], [-39.4868946999999, -3.20937019999997], [-39.4809174, -3.20927729999994], [-39.4805595999999, -3.20810459999996], [-39.4835356999999, -3.20671489999995], [-39.4826528, -3.202933399999949], [-39.4803899, -3.20166579999994], [-39.480126799999894, -3.19917659999993], [-39.4757918999999, -3.19733559999997], [-39.4702684, -3.200042899999969], [-39.46516969999989, -3.20499639999997], [-39.4548154999999, -3.20708479999996], [-39.4552171, -3.20837589999996], [-39.4622191, -3.21012009999993], [-39.462577, -3.21158], [-39.4606244, -3.21201179999997], [-39.45824309999989, -3.21208469999993], [-39.4560751, -3.209979199999959], [-39.4530751999999, -3.21144069999997], [-39.4516932, -3.20962219999996], [-39.4482636, -3.20883379999998], [-39.4475011, -3.20763729999993], [-39.449262299999894, -3.20529079999994], [-39.4483807, -3.204214], [-39.4445706999999, -3.20457469999997], [-39.440451999999894, -3.20723349999997], [-39.4366653, -3.20649309999993], [-39.43126019999989, -3.20802729999997], [-39.4285436, -3.203600199999931], [-39.4235414999999, -3.20068209999994], [-39.4178262999999, -3.200899799999949], [-39.4096845999999, -3.20741379999993], [-39.4057046, -3.19966], [-39.4090833, -3.192453899999979], [-39.4070131, -3.184459899999979], [-39.4046987, -3.18517889999993], [-39.40464329999999, -3.18960239999996], [-39.4032577, -3.19057949999996], [-39.4005567, -3.189130099999939], [-39.399012, -3.184865199999929], [-39.3946402999999, -3.18603019999995], [-39.3906388, -3.18384869999994], [-39.3814239, -3.18637989999996], [-39.3786228, -3.18465749999996], [-39.3792728999999, -3.180471], [-39.3729819, -3.179030399999931], [-39.3654544999999, -3.173428], [-39.3608728999999, -3.17301639999994], [-39.35335489999989, -3.17430609999997], [-39.344172199999896, -3.17814029999994], [-39.3302894, -3.195279899999949], [-39.313044299999895, -3.20607109999997], [-39.3051591999999, -3.206925], [-39.2926902999999, -3.21514009999993], [-39.2773477, -3.219687399999939], [-39.2735721, -3.21999379999994], [-39.26715949999989, -3.21781589999995], [-39.2590531, -3.218604699999959], [-39.2501506, -3.223168199999979], [-39.2379419, -3.23536669999993], [-39.2302501, -3.23863519999998], [-39.2108762, -3.25998529999993], [-39.1997537, -3.273709899999969], [-39.1957757, -3.28076549999997], [-39.1911234, -3.284952299999929], [-39.1775362, -3.30922429999993], [-39.16442299999989, -3.32750149999993], [-39.17495999999989, -3.32857209999997], [-39.17945769999991, -3.334182], [-39.1815928999999, -3.34057759999996], [-39.1926826, -3.34164779999998], [-39.1949317, -3.34549639999994], [-39.1948755, -3.35009229999997], [-39.2000778, -3.352542299999929], [-39.2038512999999, -3.356218199999939], [-39.2085001999999, -3.354972499999969], [-39.2105764, -3.35144859999997], [-39.2144822, -3.34999239999996], [-39.222752199999896, -3.35213529999993], [-39.225268, -3.35485389999997], [-39.23795929999989, -3.359580799999951], [-39.244815, -3.35843849999998], [-39.2555374, -3.35997149999997], [-39.2505388, -3.37104909999994], [-39.2551346, -3.37627349999997], [-39.262093, -3.37804909999994], [-39.2635427, -3.38356369999997], [-39.2535597, -3.39657959999994], [-39.25060849999989, -3.40481929999993], [-39.2503371, -3.41190649999993], [-39.25369769999999, -3.41848759999993], [-39.2535849, -3.42748459999996], [-39.255811, -3.43906079999994], [-39.2532285, -3.44795309999995], [-39.2575409999999, -3.45638489999993], [-39.25802989999989, -3.47151539999993], [-39.2637748, -3.48253709999994], [-39.2622231, -3.490116399999979], [-39.2636575999999, -3.49244759999993], [-39.2805946, -3.50023809999993], [-39.2841979999999, -3.50326529999995], [-39.2843013999999, -3.514588699999929], [-39.2868817, -3.524657099999959], [-39.2936819999999, -3.53152449999993], [-39.2990561999999, -3.534099], [-39.3031435, -3.53423459999993], [-39.3099098, -3.52817829999998], [-39.3099116, -3.537533099999961], [-39.30823839999991, -3.54182659999998], [-39.3099159, -3.54642819999998], [-39.309155299999894, -3.55194669999997], [-39.3122078, -3.557620499999929], [-39.3065675999999, -3.56544309999992], [-39.3137091, -3.57252789999995], [-39.3152971, -3.576764099999929], [-39.3148839, -3.57994269999995], [-39.3241224, -3.57757779999997], [-39.33199369999989, -3.57773769999994], [-39.3439233, -3.57505249999997], [-39.348067699999895, -3.57278169999995], [-39.3618974, -3.580072199999961], [-39.3648080999999, -3.58049339999997], [-39.3741856999999, -3.57793389999995]]]}}, {"type": "Feature", "properties": {"feature_id": "municipalities_01069", "source_layer": "municipalities", "source_layer_label": "Brazilian municipalities", "feature_name": "Umirim", "source_year": 2025, "source_file": "municipalities_2025_simplified.parquet", "code_state": 23.0, "abbrev_state": "CE", "name_state": "Cear\u00e1", "code_muni": 2313757.0, "name_muni": "Umirim", "name_region": "Nordeste", "code_region": 2.0, "year": 2025.0, "uc_id": null, "cd_cnuc": null, "wdpa_pid": null, "nome_uc": null, "cria_ano": null, "cria_ato": null, "outro_ato": null, "pl_manejo": null, "co_gestor": null, "quali_pol": null, "ppgr": null, "ha_total": null, "ha_ato": null, "esfera": null, "uf": null, "municipio": null, "org_gestor": null, "grupo": null, "categoria": null, "cat_iucn": null, "amazonia": null, "caatinga": null, "cerrado": null, "matlantica": null, "pampa": null, "pantanal": null, "marinho": null, "situacao": null, "limite": null, "rbiosfera": null, "nome_abrev": null, "date": null, "code_indigenous_land": null, "name_indigenous_land": null, "area_ha": null, "fase_ti": null, "modalidade": null, "coordination_region": null, "faixa_fron": null, "code_adm_unit": null, "name_adm_unit": null, "abbrev_adm_unit": null}, "geometry": {"type": "Polygon", "coordinates": [[[-39.355779, -3.74268379999995], [-39.36106149999989, -3.75129769999995], [-39.3631506, -3.761409899999928], [-39.3669656, -3.767452199999979], [-39.3742928, -3.767628599999971], [-39.3809912999999, -3.763049099999928], [-39.3863234, -3.764542799999961], [-39.395437699999896, -3.764628399999939], [-39.3979712999999, -3.76881609999998], [-39.3965739, -3.774292099999969], [-39.3975277, -3.77590739999994], [-39.4153133, -3.78375839999995], [-39.4200978, -3.783105099999938], [-39.423072999999896, -3.78605249999993], [-39.4322981, -3.784728499999971], [-39.4302855, -3.780927], [-39.4356643, -3.772889], [-39.4323232, -3.76718189999997], [-39.432758, -3.76461819999997], [-39.4362151, -3.759173399999949], [-39.4388628, -3.75067719999993], [-39.4427846, -3.745189899999961], [-39.4443102, -3.74662839999996], [-39.45639950000001, -3.747789], [-39.4576385, -3.742026099999979], [-39.4625819999999, -3.73953679999994], [-39.4701386, -3.73065589999993], [-39.47140369999989, -3.72699], [-39.4795343, -3.72774019999997], [-39.4832484999999, -3.72262549999994], [-39.4913498999999, -3.72323369999998], [-39.4959047, -3.721795], [-39.4973318, -3.71744749999993], [-39.49714499999989, -3.71122909999997], [-39.5000906, -3.70842689999995], [-39.505884099999896, -3.70658529999997], [-39.5070267, -3.70470809999995], [-39.5050926, -3.70189339999996], [-39.5060151, -3.69684969999997], [-39.511220599999895, -3.69534569999996], [-39.5129726, -3.693335], [-39.5145669, -3.669293199999969], [-39.4556274, -3.643107599999949], [-39.4542038, -3.646227299999961], [-39.4553385999999, -3.65113249999996], [-39.4541156, -3.654321399999959], [-39.4499643999999, -3.657971399999949], [-39.4263334, -3.65581429999997], [-39.3542725999999, -3.662382899999949], [-39.3592543, -3.655784], [-39.3594136, -3.648986099999949], [-39.3611228, -3.645428399999961], [-39.3769715999999, -3.635143699999959], [-39.3815183, -3.626026899999939], [-39.3799518, -3.617324299999951], [-39.3825057, -3.613482299999931], [-39.3859739, -3.61349409999997], [-39.3897871, -3.608344799999939], [-39.3741856999999, -3.57793389999995], [-39.3648080999999, -3.58049339999997], [-39.3618974, -3.580072199999961], [-39.348067699999895, -3.57278169999995], [-39.3439233, -3.57505249999997], [-39.33199369999989, -3.57773769999994], [-39.3241224, -3.57757779999997], [-39.3148839, -3.57994269999995], [-39.3069217, -3.66401939999997], [-39.3033679, -3.669833499999919], [-39.29141789999989, -3.67306889999998], [-39.289032, -3.67743569999993], [-39.2839273, -3.67367449999995], [-39.27843, -3.674221199999979], [-39.2767243, -3.73705839999997], [-39.2860302, -3.738942], [-39.298052299999895, -3.73831449999994], [-39.3100787, -3.733503899999961], [-39.32248739999989, -3.731737799999959], [-39.3298293999999, -3.74040949999994], [-39.3388090999999, -3.74438909999998], [-39.3447646, -3.74078679999997], [-39.3473451999999, -3.73485909999994], [-39.3511187, -3.732875699999969], [-39.352053199999894, -3.73412], [-39.3506919, -3.73823759999993], [-39.3554291, -3.738929799999939], [-39.355779, -3.74268379999995]]]}}, {"type": "Feature", "properties": {"feature_id": "protected_lands_00219", "source_layer": "protected_lands", "source_layer_label": "Protected lands / conservation units", "feature_name": "Unnamed feature", "source_year": 202503, "source_file": "conservationunits_202503_simplified.parquet", "code_state": null, "abbrev_state": null, "name_state": null, "code_muni": null, "name_muni": null, "name_region": null, "code_region": null, "year": 2025.0, "uc_id": "948", "cd_cnuc": "0000.23.0948", "wdpa_pid": "352117", "nome_uc": "\u00c1REA DE PROTE\u00c7\u00c3O AMBIENTAL DA SERRA DA ARATANHA", "cria_ano": "07-06-1998", "cria_ato": "Decreto 24.959 de 05-06-1998", "outro_ato": "Sem informa\u00e7\u00e3o", "pl_manejo": "Sem informa\u00e7\u00e3o", "co_gestor": "Sim", "quali_pol": "Pol\u00edgono corresponde ao memorial descritivo", "ppgr": null, "ha_total": "6453.16", "ha_ato": "6448.29", "esfera": "Estadual", "uf": "CEAR\u00c1", "municipio": "GUAI\u00daBA (CE), MARANGUAPE (CE), PACATUBA (CE)", "org_gestor": "SECRETARIA DO MEIO AMBIENTE DO CEAR\u00c1 - CE", "grupo": "Uso Sustent\u00e1vel", "categoria": "\u00c1rea de Prote\u00e7\u00e3o Ambiental", "cat_iucn": "Category V", "amazonia": null, "caatinga": "6453.16", "cerrado": null, "matlantica": null, "pampa": null, "pantanal": null, "marinho": null, "situacao": "Ativo", "limite": "uc", "rbiosfera": "Mata Atl\u00e2ntica", "nome_abrev": "APA DA SERRA DA ARATANHA", "date": 202503.0, "code_indigenous_land": null, "name_indigenous_land": null, "area_ha": null, "fase_ti": null, "modalidade": null, "coordination_region": null, "faixa_fron": null, "code_adm_unit": null, "name_adm_unit": null, "abbrev_adm_unit": null}, "geometry": {"type": "Polygon", "coordinates": [[[-38.6384979, -3.9524371], [-38.6373562, -3.9444247], [-38.6411237, -3.9498052], [-38.641118, -3.9461322], [-38.6417925, -3.9484718], [-38.648133, -3.9523975], [-38.6465691, -3.9565385], [-38.6546209, -3.9594416], [-38.6614272, -3.9646747], [-38.66713869999999, -3.9715786], [-38.6688462, -3.9719354], [-38.6653234, -3.9663661], [-38.665882, -3.9603982], [-38.6690529, -3.9649967], [-38.6707984, -3.9654386], [-38.6716023, -3.9715964], [-38.6755096, -3.9739057], [-38.6762559, -3.9767226], [-38.6747517, -3.977724], [-38.6698552, -3.9731517], [-38.6705012, -3.9856583], [-38.669102, -3.9895375], [-38.6661629, -3.9921818], [-38.6662319, -3.9943087], [-38.6753968, -3.9943112], [-38.6767458, -3.9969593], [-38.6838863, -3.9991353], [-38.6851808, -4.0017209], [-38.6845436, -4.0057118], [-38.6887697, -4.0088641], [-38.6900986, -4.0140925], [-38.70317939999999, -4.0216957], [-38.7060843, -4.0256884], [-38.7046569, -4.0296342], [-38.7078996, -4.0313394], [-38.71197509999999, -4.0375926], [-38.7093444, -4.0376081], [-38.7041279, -4.0414721], [-38.6961543, -4.0413018], [-38.6909806, -4.0394087], [-38.6862638, -4.0346075], [-38.6867356, -4.0412349], [-38.6928424, -4.0481324], [-38.6950799, -4.0460737], [-38.6971838, -4.048211], [-38.7026688, -4.0492151], [-38.7069441, -4.0548336], [-38.7059547, -4.058211], [-38.7096709, -4.0617826], [-38.7123431, -4.0620746], [-38.7172127, -4.0655578], [-38.7189955, -4.0631215], [-38.7214752, -4.0648357], [-38.7252283, -4.0648226], [-38.726079700000014, -4.0695288], [-38.7241044, -4.0708258], [-38.7330696, -4.0720355], [-38.7311609, -4.0744047], [-38.7231986, -4.0762801], [-38.7185905, -4.0705823], [-38.7155827, -4.071908], [-38.710479, -4.0630903], [-38.7089498, -4.0635654], [-38.7034755, -4.0591941], [-38.6992688, -4.0604499], [-38.6935872, -4.0518935], [-38.690393, -4.0538311], [-38.6866609, -4.0534231], [-38.6841309, -4.0565969], [-38.681529, -4.0571733], [-38.685766, -4.0594928], [-38.6862641, -4.0620243], [-38.6846179, -4.0637537], [-38.6890992, -4.0692171], [-38.6834912, -4.0690011], [-38.68254779999999, -4.0662233], [-38.6738339, -4.0622871], [-38.6745911, -4.0605358], [-38.6786082, -4.060295], [-38.6807686, -4.0579697], [-38.6801701, -4.0562671], [-38.675781, -4.0540797], [-38.67491049999999, -4.0515685], [-38.671428, -4.0506384], [-38.6704356, -4.0531696], [-38.6665604, -4.0530409], [-38.6635192, -4.0506371], [-38.6588651, -4.0537338], [-38.6502162, -4.0472478], [-38.6495295, -4.0394241], [-38.6530859, -4.0382983], [-38.6506557, -4.0346427], [-38.6527793, -4.0312302], [-38.6503186, -4.0291698], [-38.65191979999999, -4.0237018], [-38.6449544, -4.0223285], [-38.6438709, -4.0273626], [-38.64074379999999, -4.0282088], [-38.63682449999999, -4.0239839], [-38.6338924, -4.0260076], [-38.6337132, -4.0220875], [-38.6360959, -4.021483], [-38.6391957, -4.0146098], [-38.6380762, -4.0106576], [-38.6395918, -4.0086558], [-38.6366719, -4.0065317], [-38.63037029999999, -4.006937], [-38.6270504, -3.9922224], [-38.62692, -3.9840734], [-38.6203367, -3.9713177], [-38.6173572, -3.9615617], [-38.6200002, -3.9575318], [-38.624996, -3.9554212], [-38.625129, -3.9535498], [-38.6325982, -3.9506021], [-38.6341344, -3.9518264], [-38.6350857, -3.9502616], [-38.6384979, -3.9524371]]]}}, {"type": "Feature", "properties": {"feature_id": "protected_lands_00220", "source_layer": "protected_lands", "source_layer_label": "Protected lands / conservation units", "feature_name": "Unnamed feature", "source_year": 202503, "source_file": "conservationunits_202503_simplified.parquet", "code_state": null, "abbrev_state": null, "name_state": null, "code_muni": null, "name_muni": null, "name_region": null, "code_region": null, "year": 2025.0, "uc_id": "949", "cd_cnuc": "0000.23.0949", "wdpa_pid": "352116", "nome_uc": "\u00c1REA DE PROTE\u00c7\u00c3O AMBIENTAL DO LAGAMAR DO CAUIPE", "cria_ano": "08-06-1998", "cria_ato": "Decreto 24.957 de 05-06-1998", "outro_ato": "Sem informa\u00e7\u00e3o", "pl_manejo": "Sem informa\u00e7\u00e3o", "co_gestor": "Sim", "quali_pol": "Pol\u00edgono corresponde ao memorial descritivo", "ppgr": null, "ha_total": "1691.1", "ha_ato": "1884.46", "esfera": "Estadual", "uf": "CEAR\u00c1", "municipio": "CAUCAIA (CE)", "org_gestor": "SECRETARIA DO MEIO AMBIENTE DO CEAR\u00c1 - CE", "grupo": "Uso Sustent\u00e1vel", "categoria": "\u00c1rea de Prote\u00e7\u00e3o Ambiental", "cat_iucn": "Category V", "amazonia": null, "caatinga": "1671.91", "cerrado": null, "matlantica": null, "pampa": null, "pantanal": null, "marinho": "19.19", "situacao": "Ativo", "limite": "uc", "rbiosfera": "Mata Atl\u00e2ntica", "nome_abrev": "APA DO LAGAMAR DO CAUIPE", "date": 202503.0, "code_indigenous_land": null, "name_indigenous_land": null, "area_ha": null, "fase_ti": null, "modalidade": null, "coordination_region": null, "faixa_fron": null, "code_adm_unit": null, "name_adm_unit": null, "abbrev_adm_unit": null}, "geometry": {"type": "Polygon", "coordinates": [[[-38.7797146, -3.5899247], [-38.7796321, -3.5936747], [-38.7818101, -3.5948207], [-38.7824825, -3.5977998], [-38.7800013, -3.6027714], [-38.7815771, -3.6054791], [-38.7836857, -3.6061816], [-38.7832542, -3.6086679], [-38.786591, -3.6091872], [-38.7964667, -3.6058578], [-38.8008233, -3.619554], [-38.8041883, -3.622673], [-38.8067852, -3.6318563], [-38.8038178, -3.6406184], [-38.80787079999999, -3.6536313], [-38.805079599999985, -3.6599633], [-38.7983851, -3.6621606], [-38.7861908, -3.6581633], [-38.7784433, -3.6505544], [-38.7776841, -3.6351934], [-38.7843474, -3.6297896], [-38.7846186, -3.6249905], [-38.779041, -3.6154326], [-38.7751191, -3.5994788], [-38.7751943, -3.5934407], [-38.77315119999999, -3.5935953], [-38.7820354, -3.58184], [-38.7842366, -3.5871585], [-38.782265, -3.5901889], [-38.7797146, -3.5899247]]]}}, {"type": "Feature", "properties": {"feature_id": "protected_lands_00221", "source_layer": "protected_lands", "source_layer_label": "Protected lands / conservation units", "feature_name": "Unnamed feature", "source_year": 202503, "source_file": "conservationunits_202503_simplified.parquet", "code_state": null, "abbrev_state": null, "name_state": null, "code_muni": null, "name_muni": null, "name_region": null, "code_region": null, "year": 2025.0, "uc_id": "950", "cd_cnuc": "0000.23.0950", "wdpa_pid": "352188", "nome_uc": "\u00c1REA DE PROTE\u00c7\u00c3O AMBIENTAL DAS DUNAS DO LITORAL OESTE", "cria_ano": "14-03-2019", "cria_ato": "Decreto 24.957 de 05-06-1998", "outro_ato": "Decreto 33.009 de 14-03-2019 Altera\u00e7\u00e3o de nome , Decreto 33.009 de 14-03-2019 Amplia\u00e7\u00e3o", "pl_manejo": "Sem informa\u00e7\u00e3o", "co_gestor": "Sim", "quali_pol": "Pol\u00edgono corresponde ao memorial descritivo", "ppgr": null, "ha_total": "9022.17", "ha_ato": "122.8", "esfera": "Estadual", "uf": "CEAR\u00c1", "municipio": "PARACURU (CE), S\u00c3O GON\u00c7ALO DO AMARANTE (CE)", "org_gestor": "SECRETARIA DO MEIO AMBIENTE DO CEAR\u00c1 - CE", "grupo": "Uso Sustent\u00e1vel", "categoria": "\u00c1rea de Prote\u00e7\u00e3o Ambiental", "cat_iucn": "Category V", "amazonia": null, "caatinga": "17114.22", "cerrado": null, "matlantica": null, "pampa": null, "pantanal": null, "marinho": "1052.22", "situacao": "Ativo", "limite": "uc", "rbiosfera": "Mata Atl\u00e2ntica", "nome_abrev": "APA DAS DUNAS DO LITORAL OESTE", "date": 202503.0, "code_indigenous_land": null, "name_indigenous_land": null, "area_ha": null, "fase_ti": null, "modalidade": null, "coordination_region": null, "faixa_fron": null, "code_adm_unit": null, "name_adm_unit": null, "abbrev_adm_unit": null}, "geometry": {"type": "Polygon", "coordinates": [[[-38.8595292, -3.5333473], [-38.891636, -3.5036297], [-38.9053773, -3.5041375], [-38.9101547, -3.5014604], [-38.926257599999985, -3.4748736], [-38.9383183, -3.4481296], [-38.9447283, -3.4448474], [-38.9618027, -3.4252698], [-38.9673532, -3.4357731], [-38.9738209, -3.470363], [-38.97101640000001, -3.4743812], [-38.96780359999999, -3.4844764], [-38.9630984, -3.4843928], [-38.9626089, -3.4881795], [-38.957271, -3.4903078], [-38.9551823, -3.4967424], [-38.95766419999999, -3.5011965], [-38.9624888, -3.5009168], [-38.9631792, -3.5044759], [-38.9696016, -3.5110599], [-38.969552, -3.5222512], [-38.9675454, -3.5277888], [-38.9498934, -3.5325501], [-38.9493577, -3.5282013], [-38.9448244, -3.5299007], [-38.945085, -3.5312302], [-38.9403453, -3.5315925], [-38.9439966, -3.5365478], [-38.9376045, -3.5455748], [-38.9285853, -3.5493556], [-38.9090109, -3.5511063], [-38.9001126, -3.5491201], [-38.8874336, -3.5514494], [-38.8863797, -3.553322], [-38.8586888, -3.5560205], [-38.8539089, -3.5505682], [-38.8489846, -3.55019], [-38.8416667, -3.5546985], [-38.83205179999999, -3.5522711], [-38.8270088, -3.5646135], [-38.8223461, -3.5595872], [-38.820785, -3.5566481], [-38.8201775, -3.5441728], [-38.83608370000001, -3.5445921], [-38.8494873, -3.5399267], [-38.8595292, -3.5333473]]]}}, {"type": "Feature", "properties": {"feature_id": "protected_lands_00222", "source_layer": "protected_lands", "source_layer_label": "Protected lands / conservation units", "feature_name": "Unnamed feature", "source_year": 202503, "source_file": "conservationunits_202503_simplified.parquet", "code_state": null, "abbrev_state": null, "name_state": null, "code_muni": null, "name_muni": null, "name_region": null, "code_region": null, "year": 2025.0, "uc_id": "952", "cd_cnuc": "0000.23.0952", "wdpa_pid": "555636635", "nome_uc": "ESTA\u00c7\u00c3O ECOL\u00d3GICA DO P\u00c9CEM", "cria_ano": "25-04-2012", "cria_ato": "Decreto 30.895 de 20-04-2012", "outro_ato": "Sem informa\u00e7\u00e3o", "pl_manejo": "Sim", "co_gestor": "Sim", "quali_pol": "Pol\u00edgono corresponde ao memorial descritivo", "ppgr": null, "ha_total": "963.85", "ha_ato": "973.85", "esfera": "Estadual", "uf": "CEAR\u00c1", "municipio": "CAUCAIA (CE), S\u00c3O GON\u00c7ALO DO AMARANTE (CE)", "org_gestor": "SECRETARIA DO MEIO AMBIENTE DO CEAR\u00c1 - CE", "grupo": "Prote\u00e7\u00e3o Integral", "categoria": "Esta\u00e7\u00e3o Ecol\u00f3gica", "cat_iucn": "Category Ia", "amazonia": null, "caatinga": "963.85", "cerrado": null, "matlantica": null, "pampa": null, "pantanal": null, "marinho": null, "situacao": "Ativo", "limite": "uc", "rbiosfera": "Mata Atl\u00e2ntica", "nome_abrev": "EE DO P\u00c9CEM", "date": 202503.0, "code_indigenous_land": null, "name_indigenous_land": null, "area_ha": null, "fase_ti": null, "modalidade": null, "coordination_region": null, "faixa_fron": null, "code_adm_unit": null, "name_adm_unit": null, "abbrev_adm_unit": null}, "geometry": {"type": "MultiPolygon", "coordinates": [[[[-38.8102735, -3.5682746], [-38.8112773, -3.565919], [-38.8206049, -3.5635562], [-38.8270534, -3.5748513], [-38.8209005, -3.5752069], [-38.8208029, -3.5789841], [-38.8086996, -3.5831398], [-38.7945147, -3.6013091], [-38.7887939, -3.5960928], [-38.78430969999999, -3.5875823], [-38.79219769999999, -3.5857898], [-38.800669, -3.5790026], [-38.8146546, -3.5708265], [-38.8102735, -3.5682746]]], [[[-38.8279213, -3.5633597], [-38.8284829, -3.5648653], [-38.8316237, -3.5639844], [-38.8309308, -3.5614901], [-38.8285277, -3.562164], [-38.8292443, -3.5607395], [-38.834586, -3.559028], [-38.8369771, -3.5553603], [-38.8373595, -3.5594002], [-38.8406984, -3.5598246], [-38.8407311, -3.5627033], [-38.841724, -3.5624101], [-38.841282, -3.5574586], [-38.8431643, -3.5563892], [-38.84322859999999, -3.5540911], [-38.8480038, -3.5539806], [-38.8479801, -3.5560403], [-38.8496873, -3.5565919], [-38.849577, -3.5544835], [-38.8549831, -3.5534298], [-38.85691329999999, -3.5555655], [-38.8531518, -3.5593436], [-38.8544824, -3.5597016], [-38.85319879999999, -3.5603811], [-38.8534438, -3.5654331], [-38.8460314, -3.5689253], [-38.838438, -3.5694043], [-38.8337504, -3.5718434], [-38.8273412, -3.5649432], [-38.8279213, -3.5633597]]]]}}, {"type": "Feature", "properties": {"feature_id": "protected_lands_00229", "source_layer": "protected_lands", "source_layer_label": "Protected lands / conservation units", "feature_name": "Unnamed feature", "source_year": 202503, "source_file": "conservationunits_202503_simplified.parquet", "code_state": null, "abbrev_state": null, "name_state": null, "code_muni": null, "name_muni": null, "name_region": null, "code_region": null, "year": 2025.0, "uc_id": "963", "cd_cnuc": "0000.23.0963", "wdpa_pid": "61690", "nome_uc": "PARQUE ESTADUAL DO COC\u00d3", "cria_ano": "02-06-2021", "cria_ato": "Decreto 32.248 de 07-06-2017", "outro_ato": "Decreto 34093 de 02-06-2021 Amplia\u00e7\u00e3o", "pl_manejo": "Sim", "co_gestor": "Sem informa\u00e7\u00e3o", "quali_pol": "Pol\u00edgono corresponde ao memorial descritivo", "ppgr": null, "ha_total": "1582.36", "ha_ato": "1571.29", "esfera": "Estadual", "uf": "CEAR\u00c1", "municipio": "FORTALEZA (CE), ITAITINGA (CE), MARACANA\u00da (CE), PACATUBA (CE)", "org_gestor": "SECRETARIA DO MEIO AMBIENTE DO CEAR\u00c1 - CE", "grupo": "Prote\u00e7\u00e3o Integral", "categoria": "Parque", "cat_iucn": "Category II", "amazonia": null, "caatinga": "3119.03", "cerrado": null, "matlantica": null, "pampa": null, "pantanal": null, "marinho": "35.74", "situacao": "Ativo", "limite": "uc", "rbiosfera": "Mata Atl\u00e2ntica", "nome_abrev": "PE DO COC\u00d3", "date": 202503.0, "code_indigenous_land": null, "name_indigenous_land": null, "area_ha": null, "fase_ti": null, "modalidade": null, "coordination_region": null, "faixa_fron": null, "code_adm_unit": null, "name_adm_unit": null, "abbrev_adm_unit": null}, "geometry": {"type": "MultiPolygon", "coordinates": [[[[-38.4840135, -3.7446352], [-38.48857, -3.7447439], [-38.4903733, -3.7513828], [-38.49658609999999, -3.7543597], [-38.4979473, -3.7528026], [-38.5011394, -3.7538243], [-38.5043105, -3.7606185], [-38.5077534, -3.7619703], [-38.5090798, -3.7673748], [-38.5124863, -3.7730726], [-38.5118631, -3.7849277], [-38.50946479999999, -3.7805333], [-38.5057009, -3.781048], [-38.507533299999984, -3.7772244], [-38.5072213, -3.7744508], [-38.5023721, -3.7766458], [-38.5021547, -3.7732559], [-38.5048806, -3.772359], [-38.5042815, -3.769072], [-38.4984859, -3.7685789], [-38.4983558, -3.7657206], [-38.49655819999999, -3.7655199], [-38.490984, -3.7529545], [-38.4900288, -3.7540753], [-38.4868468, -3.7526127], [-38.4879415, -3.7539927], [-38.48679329999999, -3.7553258], [-38.478091, -3.7588818], [-38.47610030000001, -3.7644013], [-38.4711349, -3.7701821], [-38.46719609999999, -3.7712477], [-38.4666083, -3.770117], [-38.4600825, -3.7731522], [-38.459137, -3.7708926], [-38.4573582, -3.7709256], [-38.4572583, -3.7733307], [-38.4551094, -3.7725279], [-38.4521759, -3.7753791], [-38.4515134, -3.7769481], [-38.45345419999999, -3.7792137], [-38.4558594, -3.7790929], [-38.4591355, -3.7754272], [-38.4640401, -3.7740027], [-38.4681327, -3.7765515], [-38.4609048, -3.776446], [-38.4601748, -3.7795699], [-38.458194, -3.7794095], [-38.4534911, -3.7875611], [-38.4514431, -3.7860459], [-38.45236, -3.7845149], [-38.4511393, -3.7836155], [-38.44086069999999, -3.7858183], [-38.433916, -3.7789491], [-38.435506, -3.7758024], [-38.43120839999999, -3.7733203], [-38.43398829999999, -3.767463], [-38.4407612, -3.772042], [-38.4393199, -3.7755031], [-38.4404752, -3.7755346], [-38.44774589999999, -3.7707052], [-38.4438841, -3.7697791], [-38.4483392, -3.7670322], [-38.4478295, -3.7660709], [-38.4540409, -3.7666758], [-38.4571912, -3.7641511], [-38.45711879999999, -3.7618685], [-38.4607479, -3.7668345], [-38.4643528, -3.7633792], [-38.4687821, -3.7639367], [-38.4750835, -3.7559442], [-38.47411129999998, -3.7533454], [-38.4781219, -3.7527046], [-38.4802933, -3.7491801], [-38.4845597, -3.7472308], [-38.4840135, -3.7446352]]], [[[-38.5133471, -3.7832154], [-38.5136369, -3.7876514], [-38.5156914, -3.7901214], [-38.5145299, -3.7956558], [-38.51621259999999, -3.8024573], [-38.5151949, -3.811227], [-38.5192992, -3.8155297], [-38.5211727, -3.8234557], [-38.5320021, -3.8303634], [-38.5306511, -3.8334641], [-38.5329713, -3.8371466], [-38.5385381, -3.8392584], [-38.54056949999998, -3.8420079], [-38.5430703, -3.8581236], [-38.5464852, -3.8575397], [-38.547719, -3.8589425], [-38.54618029999999, -3.8613115], [-38.5479159, -3.8632655], [-38.5482772, -3.8683268], [-38.5445552, -3.8693793], [-38.541459, -3.8658438], [-38.5376724, -3.8646632], [-38.5382313, -3.8623347], [-38.5338855, -3.8584295], [-38.5279171, -3.8582178], [-38.52911349999999, -3.8523816], [-38.5316447, -3.8506844], [-38.5298896, -3.8487118], [-38.53502359999999, -3.8430994], [-38.5299337, -3.8344385], [-38.53070919999998, -3.83125], [-38.5208091, -3.824326], [-38.5186847, -3.8208277], [-38.5185071, -3.8157691], [-38.5136677, -3.8103423], [-38.5131253, -3.8002923], [-38.511883199999986, -3.7960474], [-38.5094646, -3.7945196], [-38.5099703, -3.7931786], [-38.5130674, -3.7926754], [-38.5133471, -3.7832154]]]]}}, {"type": "Feature", "properties": {"feature_id": "protected_lands_00462", "source_layer": "protected_lands", "source_layer_label": "Protected lands / conservation units", "feature_name": "Unnamed feature", "source_year": 202503, "source_file": "conservationunits_202503_simplified.parquet", "code_state": null, "abbrev_state": null, "name_state": null, "code_muni": null, "name_muni": null, "name_region": null, "code_region": null, "year": 2025.0, "uc_id": "1931", "cd_cnuc": "0000.23.1931", "wdpa_pid": "555636641", "nome_uc": "PARQUE ESTADUAL BOT\u00c2NICO DO CEAR\u00c1", "cria_ano": "11-09-1996", "cria_ato": "Decreto 24.216 de 09-09-1996", "outro_ato": "Decreto 30.868 de 10-04-2012 Recategoriza\u00e7\u00e3o", "pl_manejo": "Sim", "co_gestor": "Sim", "quali_pol": "Pol\u00edgono corresponde ao memorial descritivo", "ppgr": null, "ha_total": "198.54", "ha_ato": "198.39", "esfera": "Estadual", "uf": "CEAR\u00c1", "municipio": "CAUCAIA (CE)", "org_gestor": "SECRETARIA DO MEIO AMBIENTE DO CEAR\u00c1 - CE", "grupo": "Prote\u00e7\u00e3o Integral", "categoria": "Parque", "cat_iucn": "Category II", "amazonia": null, "caatinga": "397.08", "cerrado": null, "matlantica": null, "pampa": null, "pantanal": null, "marinho": null, "situacao": "Ativo", "limite": "uc", "rbiosfera": "Mata Atl\u00e2ntica", "nome_abrev": "PE BOT\u00c2NICO DO CEAR\u00c1", "date": 202503.0, "code_indigenous_land": null, "name_indigenous_land": null, "area_ha": null, "fase_ti": null, "modalidade": null, "coordination_region": null, "faixa_fron": null, "code_adm_unit": null, "name_adm_unit": null, "abbrev_adm_unit": null}, "geometry": {"type": "Polygon", "coordinates": [[[-38.639588, -3.7099997], [-38.6334535, -3.7015248], [-38.6359091, -3.7013355], [-38.6521894, -3.7179324], [-38.6520164, -3.7234984], [-38.6427605, -3.7248604], [-38.639588, -3.7099997]]]}}, {"type": "Feature", "properties": {"feature_id": "protected_lands_01070", "source_layer": "protected_lands", "source_layer_label": "Protected lands / conservation units", "feature_name": "Unnamed feature", "source_year": 202503, "source_file": "conservationunits_202503_simplified.parquet", "code_state": null, "abbrev_state": null, "name_state": null, "code_muni": null, "name_muni": null, "name_region": null, "code_region": null, "year": 2025.0, "uc_id": "3900", "cd_cnuc": "0440.23.3900", "wdpa_pid": "555682133", "nome_uc": "\u00c1REA DE PROTE\u00c7\u00c3O AMBIENTAL DA LAGOA DA MARAPONGA", "cria_ano": "29-04-1991", "cria_ato": "Lei ordin\u00e1ria 6833 de 18-04-1991", "outro_ato": "Decreto 14389 de 26-03-2019 Regulamenta\u00e7\u00e3o", "pl_manejo": "Sem informa\u00e7\u00e3o", "co_gestor": "Sem informa\u00e7\u00e3o", "quali_pol": "Pol\u00edgono \u00e9 uma estimativa dos limites da UC", "ppgr": null, "ha_total": "31.41", "ha_ato": "31.39", "esfera": "Municipal", "uf": "CEAR\u00c1", "municipio": "FORTALEZA (CE)", "org_gestor": "SECRETARIA MUNICIPAL DE URBANISMO E MEIO AMBIENTE DE FORTALEZA - CE", "grupo": "Uso Sustent\u00e1vel", "categoria": "\u00c1rea de Prote\u00e7\u00e3o Ambiental", "cat_iucn": "Category V", "amazonia": null, "caatinga": "62.82", "cerrado": null, "matlantica": null, "pampa": null, "pantanal": null, "marinho": null, "situacao": "Ativo", "limite": "uc", "rbiosfera": null, "nome_abrev": "APA DA LAGOA DA MARAPONGA", "date": 202503.0, "code_indigenous_land": null, "name_indigenous_land": null, "area_ha": null, "fase_ti": null, "modalidade": null, "coordination_region": null, "faixa_fron": null, "code_adm_unit": null, "name_adm_unit": null, "abbrev_adm_unit": null}, "geometry": {"type": "Polygon", "coordinates": [[[-38.5715552, -3.7919067], [-38.5684059, -3.7926935], [-38.5670532, -3.7872718], [-38.574364, -3.79035], [-38.5739003, -3.7936157], [-38.5715552, -3.7919067]]]}}, {"type": "Feature", "properties": {"feature_id": "protected_lands_01130", "source_layer": "protected_lands", "source_layer_label": "Protected lands / conservation units", "feature_name": "Unnamed feature", "source_year": 202503, "source_file": "conservationunits_202503_simplified.parquet", "code_state": null, "abbrev_state": null, "name_state": null, "code_muni": null, "name_muni": null, "name_region": null, "code_region": null, "year": 2025.0, "uc_id": "4064", "cd_cnuc": "0000.23.4064", "wdpa_pid": "555715704", "nome_uc": "\u00c1REA DE RELEVANTE INTERESSE ECOL\u00d3GICO FAZENDA RAPOSA", "cria_ano": "30-04-2020", "cria_ato": "Decreto 33568 de 30-04-2020", "outro_ato": "Sem informa\u00e7\u00e3o", "pl_manejo": "Sem informa\u00e7\u00e3o", "co_gestor": "Sem informa\u00e7\u00e3o", "quali_pol": "Pol\u00edgono corresponde ao memorial descritivo", "ppgr": null, "ha_total": "136.76", "ha_ato": "136.65", "esfera": "Estadual", "uf": "CEAR\u00c1", "municipio": "MARACANA\u00da (CE)", "org_gestor": "SECRETARIA DO MEIO AMBIENTE DO CEAR\u00c1 - CE", "grupo": "Uso Sustent\u00e1vel", "categoria": "\u00c1rea de Relevante Interesse Ecol\u00f3gico", "cat_iucn": "Category IV", "amazonia": null, "caatinga": "136.76", "cerrado": null, "matlantica": null, "pampa": null, "pantanal": null, "marinho": null, "situacao": "Ativo", "limite": "uc", "rbiosfera": "Mata Atl\u00e2ntica", "nome_abrev": "ARIE FAZENDA RAPOSA", "date": 202503.0, "code_indigenous_land": null, "name_indigenous_land": null, "area_ha": null, "fase_ti": null, "modalidade": null, "coordination_region": null, "faixa_fron": null, "code_adm_unit": null, "name_adm_unit": null, "abbrev_adm_unit": null}, "geometry": {"type": "Polygon", "coordinates": [[[-38.6404413, -3.8448578], [-38.6452932, -3.8496158], [-38.6283799, -3.8540094], [-38.6258627, -3.8489023], [-38.6235287, -3.8485079], [-38.6404413, -3.8448578]]]}}, {"type": "Feature", "properties": {"feature_id": "protected_lands_01182", "source_layer": "protected_lands", "source_layer_label": "Protected lands / conservation units", "feature_name": "Unnamed feature", "source_year": 202503, "source_file": "conservationunits_202503_simplified.parquet", "code_state": null, "abbrev_state": null, "name_state": null, "code_muni": null, "name_muni": null, "name_region": null, "code_region": null, "year": 2025.0, "uc_id": "4218", "cd_cnuc": "0370.23.4218", "wdpa_pid": "555758969", "nome_uc": "MONUMENTO NATURAL DA SERRA DA RAJADA", "cria_ano": "06-06-2019", "cria_ato": "Decreto 1037 de 03-06-2019", "outro_ato": "Sem informa\u00e7\u00e3o", "pl_manejo": "Sem informa\u00e7\u00e3o", "co_gestor": "Sem informa\u00e7\u00e3o", "quali_pol": "Pol\u00edgono corresponde ao memorial descritivo", "ppgr": null, "ha_total": "374.13", "ha_ato": "373.85", "esfera": "Municipal", "uf": "CEAR\u00c1", "municipio": "CAUCAIA (CE)", "org_gestor": "INSTITUTO DO MEIO AMBIENTE DE CAUCAIA - CE", "grupo": "Prote\u00e7\u00e3o Integral", "categoria": "Monumento Natural", "cat_iucn": "Category III", "amazonia": null, "caatinga": "374.13", "cerrado": null, "matlantica": null, "pampa": null, "pantanal": null, "marinho": null, "situacao": "Ativo", "limite": "uc", "rbiosfera": "Mata Atl\u00e2ntica", "nome_abrev": "MN DA SERRA DA RAJADA", "date": 202503.0, "code_indigenous_land": null, "name_indigenous_land": null, "area_ha": null, "fase_ti": null, "modalidade": null, "coordination_region": null, "faixa_fron": null, "code_adm_unit": null, "name_adm_unit": null, "abbrev_adm_unit": null}, "geometry": {"type": "Polygon", "coordinates": [[[-38.7330361, -3.913667], [-38.7324616, -3.9098575], [-38.7298711, -3.9057874], [-38.7243018, -3.9014771], [-38.7230436, -3.8953268], [-38.7152526, -3.8806794], [-38.7073307, -3.8746028], [-38.703011, -3.8753493], [-38.6991697, -3.8711591], [-38.7082438, -3.870645], [-38.720942, -3.8771466], [-38.720278, -3.8831765], [-38.7219206, -3.8838444], [-38.7221939, -3.8857112], [-38.7249905, -3.8862986], [-38.7274157, -3.8948772], [-38.730462, -3.8975794], [-38.7383668, -3.9002241], [-38.73829939999999, -3.9051353], [-38.735632, -3.9079368], [-38.7357873, -3.909972], [-38.7328439, -3.9113164], [-38.7330361, -3.913667]]]}}, {"type": "Feature", "properties": {"feature_id": "protected_lands_01216", "source_layer": "protected_lands", "source_layer_label": "Protected lands / conservation units", "feature_name": "Unnamed feature", "source_year": 202503, "source_file": "conservationunits_202503_simplified.parquet", "code_state": null, "abbrev_state": null, "name_state": null, "code_muni": null, "name_muni": null, "name_region": null, "code_region": null, "year": 2025.0, "uc_id": "4278", "cd_cnuc": "0000.23.4278", "wdpa_pid": "555758908", "nome_uc": "\u00c1REA DE PROTE\u00c7\u00c3O AMBIENTAL DO RIO MARANGUAPINHO", "cria_ano": "07-04-2021", "cria_ato": "Decreto 34023 de 05-04-2021", "outro_ato": "Sem informa\u00e7\u00e3o", "pl_manejo": "Sem informa\u00e7\u00e3o", "co_gestor": "Sem informa\u00e7\u00e3o", "quali_pol": "Pol\u00edgono corresponde ao memorial descritivo", "ppgr": null, "ha_total": "1781.55", "ha_ato": "1780", "esfera": "Estadual", "uf": "CEAR\u00c1", "municipio": "FORTALEZA (CE), MARACANA\u00da (CE), MARANGUAPE (CE)", "org_gestor": "SECRETARIA DO MEIO AMBIENTE DO CEAR\u00c1 - CE", "grupo": "Uso Sustent\u00e1vel", "categoria": "\u00c1rea de Prote\u00e7\u00e3o Ambiental", "cat_iucn": "Category V", "amazonia": null, "caatinga": "1781.55", "cerrado": null, "matlantica": null, "pampa": null, "pantanal": null, "marinho": null, "situacao": "Ativo", "limite": "uc", "rbiosfera": "Mata Atl\u00e2ntica", "nome_abrev": "APA DO RIO MARANGUAPINHO", "date": 202503.0, "code_indigenous_land": null, "name_indigenous_land": null, "area_ha": null, "fase_ti": null, "modalidade": null, "coordination_region": null, "faixa_fron": null, "code_adm_unit": null, "name_adm_unit": null, "abbrev_adm_unit": null}, "geometry": {"type": "Polygon", "coordinates": [[[-38.6017085, -3.741663], [-38.5997002, -3.7441261], [-38.6027003, -3.7548242], [-38.6005301, -3.7552199], [-38.6011837, -3.7586248], [-38.5997626, -3.7588936], [-38.5989965, -3.764872], [-38.5972534, -3.7658037], [-38.5995105, -3.7750081], [-38.59749809999999, -3.775576], [-38.5988544, -3.7804505], [-38.5953167, -3.7814466], [-38.5964928, -3.7864842], [-38.5948948, -3.7869726], [-38.5956165, -3.7897705], [-38.5940528, -3.7902674], [-38.5957534, -3.7959267], [-38.5928192, -3.7978028], [-38.5979523, -3.8045166], [-38.5972115, -3.8057686], [-38.6002379, -3.8109662], [-38.6042491, -3.8095869], [-38.606443099999986, -3.8119771], [-38.6081329, -3.8112454], [-38.6225738, -3.825937], [-38.6200987, -3.8293029], [-38.6227745, -3.8403187], [-38.6210289, -3.8426104], [-38.6235453, -3.8486094], [-38.6258565, -3.8489049], [-38.6282138, -3.8536488], [-38.6289776, -3.8611201], [-38.6324122, -3.86649], [-38.6479607, -3.8755858], [-38.649928, -3.8745567], [-38.6493193, -3.8734446], [-38.6577073, -3.8624394], [-38.6626876, -3.8677302], [-38.6647893, -3.8645887], [-38.6690516, -3.865094], [-38.6764612, -3.8608906], [-38.675938, -3.8649545], [-38.6687954, -3.8670406], [-38.6573578, -3.873], [-38.6687236, -3.8838982], [-38.6659015, -3.8853563], [-38.6662424, -3.888718], [-38.6710898, -3.8881377], [-38.6722638, -3.8928827], [-38.6754525, -3.8929414], [-38.6724619, -3.8981967], [-38.6649834, -3.9015462], [-38.6613721, -3.9050342], [-38.6589425, -3.9021243], [-38.6479032, -3.8971496], [-38.648205, -3.893981], [-38.6429693, -3.8910669], [-38.64714389999999, -3.8818461], [-38.6448322, -3.8809714], [-38.643562, -3.87719], [-38.6404115, -3.8785731], [-38.6387484, -3.8744848], [-38.636186, -3.8745993], [-38.6351211, -3.8755351], [-38.6361225, -3.8776832], [-38.6310426, -3.8794303], [-38.630573, -3.8771176], [-38.6287013, -3.8760851], [-38.6314695, -3.8685001], [-38.6285465, -3.8669458], [-38.6292138, -3.8650672], [-38.627619, -3.8638514], [-38.6262701, -3.8650458], [-38.6255123, -3.8640111], [-38.6267019, -3.8630771], [-38.6253832, -3.8606367], [-38.6271402, -3.8599898], [-38.6251443, -3.8505802], [-38.6227002, -3.8514349], [-38.6162373, -3.8386772], [-38.6187738, -3.8372287], [-38.6133242, -3.8269467], [-38.614228, -3.8263419], [-38.6114045, -3.8191657], [-38.6087543, -3.8189511], [-38.6050561, -3.8146697], [-38.6021135, -3.8156941], [-38.6034407, -3.8186023], [-38.60233, -3.8192588], [-38.6066467, -3.8262465], [-38.602881, -3.8282374], [-38.5997978, -3.8224016], [-38.6009435, -3.8216157], [-38.5995506, -3.8169058], [-38.60099489999999, -3.8144443], [-38.5999983, -3.8132729], [-38.598707, -3.8140355], [-38.5887278, -3.8013776], [-38.5918963, -3.8002047], [-38.5892096, -3.7958052], [-38.5912876, -3.7935164], [-38.58906669999999, -3.7912102], [-38.5902213, -3.785235], [-38.5929854, -3.7840038], [-38.5923388, -3.7816323], [-38.5947592, -3.7794538], [-38.5942744, -3.7753831], [-38.5955124, -3.7749156], [-38.5910053, -3.7703502], [-38.5937651, -3.7679378], [-38.5956492, -3.7596364], [-38.598234, -3.7578467], [-38.5967425, -3.7499823], [-38.599242, -3.7494649], [-38.5978524, -3.7464448], [-38.5963641, -3.7462555], [-38.5966845, -3.7441397], [-38.5978565, -3.7441845], [-38.5990282, -3.741237], [-38.6017085, -3.741663]]]}}, {"type": "Feature", "properties": {"feature_id": "protected_lands_01442", "source_layer": "protected_lands", "source_layer_label": "Protected lands / conservation units", "feature_name": "Unnamed feature", "source_year": 202503, "source_file": "conservationunits_202503_simplified.parquet", "code_state": null, "abbrev_state": null, "name_state": null, "code_muni": null, "name_muni": null, "name_region": null, "code_region": null, "year": 2025.0, "uc_id": "10938", "cd_cnuc": "0000.00.1382", "wdpa_pid": "555682599", "nome_uc": "RESERVA PARTICULAR DO PATRIM\u00d4NIO NATURAL MONTE ALEGRE", "cria_ano": "25-10-2001", "cria_ato": "Portaria 151 de 24-10-2001", "outro_ato": "Sem informa\u00e7\u00e3o", "pl_manejo": "N\u00e3o", "co_gestor": "Sem informa\u00e7\u00e3o", "quali_pol": "Pol\u00edgono \u00e9 uma estimativa dos limites da UC", "ppgr": null, "ha_total": "259.88", "ha_ato": "263.17", "esfera": "Federal", "uf": "CEAR\u00c1", "municipio": "PACATUBA (CE)", "org_gestor": "INSTITUTO CHICO MENDES DE CONSERVA\u00c7\u00c3O DA BIODIVERSIDADE", "grupo": "Uso Sustent\u00e1vel", "categoria": "Reserva Particular do Patrim\u00f4nio Natural", "cat_iucn": "Category IV", "amazonia": null, "caatinga": "259.88", "cerrado": null, "matlantica": null, "pampa": null, "pantanal": null, "marinho": null, "situacao": "Ativo", "limite": "uc", "rbiosfera": "Mata Atl\u00e2ntica", "nome_abrev": "RPPN MONTE ALEGRE", "date": 202503.0, "code_indigenous_land": null, "name_indigenous_land": null, "area_ha": null, "fase_ti": null, "modalidade": null, "coordination_region": null, "faixa_fron": null, "code_adm_unit": null, "name_adm_unit": null, "abbrev_adm_unit": null}, "geometry": {"type": "Polygon", "coordinates": [[[-38.6215148, -3.9490107], [-38.6250591, -3.9438028], [-38.6312547, -3.9426218], [-38.6364724, -3.9461596], [-38.6376558, -3.9523438], [-38.6341114, -3.9575518], [-38.6279156, -3.9587326], [-38.6226979, -3.9551948], [-38.6215148, -3.9490107]]]}}, {"type": "Feature", "properties": {"feature_id": "protected_lands_02437", "source_layer": "protected_lands", "source_layer_label": "Protected lands / conservation units", "feature_name": "Unnamed feature", "source_year": 202503, "source_file": "conservationunits_202503_simplified.parquet", "code_state": null, "abbrev_state": null, "name_state": null, "code_muni": null, "name_muni": null, "name_region": null, "code_region": null, "year": 2025.0, "uc_id": "18057", "cd_cnuc": "0000.23.4866", "wdpa_pid": null, "nome_uc": "PARQUE ESTADUAL DAS \u00c1GUAS", "cria_ano": "14-10-2022", "cria_ato": "Decreto 34.955 de 15-09-2022", "outro_ato": "Sem informa\u00e7\u00e3o", "pl_manejo": "N\u00e3o", "co_gestor": "N\u00e3o", "quali_pol": "Pol\u00edgono \u00e9 uma estimativa dos limites da UC", "ppgr": null, "ha_total": "9836.72", "ha_ato": "9836.72", "esfera": "Estadual", "uf": "CEAR\u00c1", "municipio": "AQUIRAZ (CE), GUAI\u00daBA (CE), HORIZONTE (CE), ITAITINGA (CE), PACAJUS (CE), PACATUBA (CE)", "org_gestor": "SECRETARIA DO MEIO AMBIENTE DO CEAR\u00c1 - CE", "grupo": "Prote\u00e7\u00e3o Integral", "categoria": "Parque", "cat_iucn": "Category II", "amazonia": null, "caatinga": "9828.25", "cerrado": null, "matlantica": null, "pampa": null, "pantanal": null, "marinho": null, "situacao": "Ativo", "limite": "uc", "rbiosfera": "Mata Atl\u00e2ntica", "nome_abrev": "PE DAS \u00c1GUAS", "date": 202503.0, "code_indigenous_land": null, "name_indigenous_land": null, "area_ha": null, "fase_ti": null, "modalidade": null, "coordination_region": null, "faixa_fron": null, "code_adm_unit": null, "name_adm_unit": null, "abbrev_adm_unit": null}, "geometry": {"type": "MultiPolygon", "coordinates": [[[[-38.5337021, -3.985867], [-38.5405244, -3.9789089], [-38.5380082, -3.9834284], [-38.5389054, -3.98462], [-38.5451107, -3.9834733], [-38.5464121, -3.9868285], [-38.553511, -3.9890701], [-38.5576789, -4.0012113], [-38.54932429999999, -4.0067581], [-38.5605035, -4.0259298], [-38.5627368, -4.0252437], [-38.5674661, -4.0277083], [-38.5695188, -4.0344204], [-38.5754497, -4.0257006], [-38.5806167, -4.0432355], [-38.5847823, -4.0410103], [-38.592263, -4.0314028], [-38.5935857, -4.0345458], [-38.601849, -4.0304593], [-38.60236049999999, -4.0369833], [-38.6119911, -4.0350006], [-38.6120698, -4.0416623], [-38.613514, -4.0409818], [-38.6141959, -4.0422655], [-38.6136546, -4.045107], [-38.6176776, -4.0431666], [-38.6201551, -4.0468821], [-38.62154059999998, -4.0468832], [-38.6171619, -4.0524749], [-38.6210231, -4.0526442], [-38.6187874, -4.0598797], [-38.602004, -4.0620501], [-38.6020849, -4.0653647], [-38.5933913, -4.0676155], [-38.59434059999999, -4.0716105], [-38.5915297, -4.0726091], [-38.5927807, -4.0767192], [-38.5905791, -4.0787556], [-38.5908435, -4.0824793], [-38.5869705, -4.0846474], [-38.5805824, -4.0833391], [-38.5889853, -4.0969942], [-38.5838702, -4.0997228], [-38.5785428, -4.0984212], [-38.5813949, -4.1021397], [-38.5812544, -4.1055282], [-38.58624059999999, -4.1075399], [-38.58969659999999, -4.1060718], [-38.6035974, -4.1185245], [-38.6024308, -4.1266697], [-38.6076125, -4.1228349], [-38.6121638, -4.1262602], [-38.6139203, -4.1257689], [-38.612372, -4.1171339], [-38.613906, -4.117811], [-38.615564, -4.116201], [-38.616721, -4.11674], [-38.616657, -4.115356], [-38.619297, -4.1157389], [-38.623373, -4.133853], [-38.61670619999998, -4.1296867], [-38.60782469999999, -4.1370769], [-38.6120239, -4.1434668], [-38.610155, -4.1438212], [-38.608707, -4.1467035], [-38.6134135, -4.1494471], [-38.6149927, -4.1487296], [-38.6183895, -4.1514416], [-38.6138554, -4.1566246], [-38.6083311, -4.1574594], [-38.6083486, -4.1561948], [-38.5992394, -4.1544833], [-38.5828504, -4.1641221], [-38.582685, -4.1628459], [-38.5771338, -4.1604871], [-38.5734267, -4.1623074], [-38.5671341, -4.1557856], [-38.5639684, -4.1580096], [-38.5617171, -4.1569489], [-38.5587984, -4.1489112], [-38.551445, -4.1444822], [-38.5415725, -4.1301029], [-38.53804789999999, -4.1277175], [-38.530638, -4.1089226], [-38.523781, -4.108686], [-38.5221995, -4.1054803], [-38.520808, -4.1059219], [-38.5215808, -4.1073907], [-38.5194984, -4.1074239], [-38.5188292, -4.1043482], [-38.5167585, -4.1031266], [-38.5171924, -4.0990622], [-38.5192775, -4.099383], [-38.5201715, -4.0963465], [-38.51768929999999, -4.0946216], [-38.51557719999998, -4.0881562], [-38.5138521, -4.0761911], [-38.514355, -4.0655966], [-38.5177043, -4.0628064], [-38.5147487, -4.0575417], [-38.5225601, -4.0514673], [-38.5188802, -4.0448051], [-38.5224499, -4.0407861], [-38.5206825, -4.0384367], [-38.5308917, -4.0316893], [-38.532538, -4.0348454], [-38.53496409999999, -4.0347858], [-38.5377345, -4.0309662], [-38.5307763, -4.031193], [-38.5262035, -4.0188518], [-38.5280253, -4.0166926], [-38.5339354, -4.0146614], [-38.530504, -4.0133037], [-38.525291, -4.0160723], [-38.52325229999999, -4.0148588], [-38.5255264, -4.0120639], [-38.52245159999999, -4.0111316], [-38.5221096, -4.0053638], [-38.518803699999985, -4.0005576], [-38.5232678, -3.9956117], [-38.5237209, -3.9893521], [-38.5249061, -3.985445], [-38.5228125, -3.981588], [-38.5233825, -3.9801663], [-38.5252857, -3.979381], [-38.5264257, -3.9814775], [-38.5288857, -3.9817249], [-38.5337021, -3.985867]], [[-38.5366267, -3.9856888], [-38.5381134, -3.982588], [-38.5346838, -3.9864019], [-38.5334988, -3.9861255], [-38.5325801, -3.9851787], [-38.53261829999999, -3.988487], [-38.5297423, -3.9883402], [-38.5289854, -3.9843922], [-38.53015389999999, -3.9835708], [-38.5287301, -3.9820055], [-38.526917, -3.9833735], [-38.5261992, -3.9812258], [-38.5241745, -3.9805927], [-38.5263701, -3.9875015], [-38.5252687, -3.9891597], [-38.5289681, -3.9908455], [-38.5274032, -3.9930557], [-38.5237769, -3.9917118], [-38.5238964, -4.003748], [-38.52809029999999, -4.0137211], [-38.5316034, -4.0112689], [-38.53654189999999, -4.0143924], [-38.5349319, -4.016485], [-38.5401592, -4.015321], [-38.5411555, -4.0191605], [-38.5433215, -4.0206128], [-38.54191379999998, -4.0221089], [-38.54585309999999, -4.0215255], [-38.5479688, -4.0286231], [-38.5465083, -4.0314141], [-38.5435465, -4.0291451], [-38.5428367, -4.0316297], [-38.5386757, -4.0284113], [-38.5379795, -4.0296104], [-38.5397955, -4.0324097], [-38.5372429, -4.0337637], [-38.5371853, -4.0363239], [-38.5354858, -4.0349108], [-38.5272273, -4.0401034], [-38.5249983, -4.0437367], [-38.5254084, -4.0456586], [-38.526902, -4.0450818], [-38.5292969, -4.0481619], [-38.5293177, -4.0497311], [-38.53137189999999, -4.0491533], [-38.5312982, -4.0504855], [-38.5343687, -4.0514393], [-38.5318311, -4.0523425], [-38.5327415, -4.0538113], [-38.5303988, -4.0560099], [-38.5291736, -4.051644], [-38.5254694, -4.0496594], [-38.5247859, -4.0533934], [-38.52821129999999, -4.0539756], [-38.52679219999999, -4.0572552], [-38.5283795, -4.0601074], [-38.5253422, -4.0575752], [-38.5226038, -4.0571753], [-38.5223165, -4.0577921], [-38.5252249, -4.0588797], [-38.5247705, -4.0614234], [-38.527304, -4.06268], [-38.523475, -4.0620665], [-38.5220594, -4.0590611], [-38.5203054, -4.060942], [-38.5216423, -4.0622034], [-38.5195547, -4.0628975], [-38.5204606, -4.0649981], [-38.5188155, -4.0670571], [-38.5234745, -4.0683439], [-38.5206413, -4.0720212], [-38.52277809999999, -4.075797], [-38.523236, -4.0824265], [-38.5218923, -4.0830966], [-38.5238793, -4.0858275], [-38.5289225, -4.0884809], [-38.5275729, -4.0905785], [-38.5242795, -4.0885538], [-38.5250274, -4.0922672], [-38.5279127, -4.0936089], [-38.5275282, -4.0956544], [-38.5267097, -4.0973966], [-38.5233631, -4.0978897], [-38.5259496, -4.0993587], [-38.5243402, -4.1020084], [-38.52218689999999, -4.1020655], [-38.5200791, -4.105718], [-38.52077459999998, -4.1066431], [-38.5207782, -4.1052744], [-38.5224028, -4.1040814], [-38.5241245, -4.1032407], [-38.5256734, -4.1041933], [-38.5268787, -4.1017221], [-38.529282, -4.1016842], [-38.5272889, -4.1004961], [-38.52753949999999, -4.0992314], [-38.5325315, -4.0954347], [-38.5343702, -4.0973476], [-38.5335813, -4.0984537], [-38.5374291, -4.1010572], [-38.5349272, -4.1049304], [-38.53674609999999, -4.1038047], [-38.5377098, -4.1071388], [-38.538829, -4.1070164], [-38.5382041, -4.1037574], [-38.5398382, -4.1035635], [-38.5384901, -4.100153], [-38.5401142, -4.1004098], [-38.5409481, -4.0972116], [-38.54449609999998, -4.0964974], [-38.5495855, -4.1093624], [-38.5477718, -4.1134723], [-38.5455935, -4.1115666], [-38.545822, -4.1132805], [-38.5438844, -4.113204], [-38.5436509, -4.1140338], [-38.54574, -4.1146117], [-38.544464, -4.1152019], [-38.5456488, -4.1163345], [-38.5497676, -4.1165187], [-38.5499406, -4.1181233], [-38.5540195, -4.1167228], [-38.55424509999999, -4.1186522], [-38.5515987, -4.119244], [-38.5504784, -4.1218653], [-38.5542456, -4.1214455], [-38.5536002, -4.1228874], [-38.554958, -4.1243395], [-38.5576544, -4.1238658], [-38.5579295, -4.1275491], [-38.5558293, -4.1278262], [-38.557337099999984, -4.1289396], [-38.5559102, -4.1300799], [-38.5581331, -4.1311224], [-38.5591404, -4.1285324], [-38.5608525, -4.1309913], [-38.5632394, -4.1300085], [-38.5636899, -4.133843], [-38.5609079, -4.1364422], [-38.562779, -4.1365286], [-38.5626689, -4.1376201], [-38.5656435, -4.1339382], [-38.5666949, -4.1366758], [-38.5640559, -4.1382318], [-38.5685154, -4.1389598], [-38.5677834, -4.1423666], [-38.5706593, -4.1408823], [-38.56975939999999, -4.145266], [-38.5719654, -4.1440042], [-38.5739759, -4.1462944], [-38.57716029999998, -4.1434303], [-38.5820185, -4.1489829], [-38.5832867, -4.1486217], [-38.582199, -4.1436893], [-38.5842009, -4.1437952], [-38.5833637, -4.1420034], [-38.5859965, -4.1412382], [-38.58597, -4.1441844], [-38.58740679999998, -4.1435607], [-38.590662, -4.1470951], [-38.5925291, -4.145645], [-38.5929576, -4.1533352], [-38.5944648, -4.1535936], [-38.5957611, -4.1508559], [-38.5976425, -4.1502126], [-38.6006211, -4.1542248], [-38.60197139999998, -4.1542182], [-38.6002527, -4.1506689], [-38.6016757, -4.1493752], [-38.6008108, -4.1456262], [-38.6038119, -4.1455812], [-38.6042308, -4.1430744], [-38.6027406, -4.1439409], [-38.6019662, -4.1430058], [-38.6055358, -4.1407351], [-38.600357, -4.1404222], [-38.6001935, -4.1417478], [-38.5967441, -4.1435061], [-38.5960781, -4.1414782], [-38.5992051, -4.1412558], [-38.5974922, -4.1401096], [-38.5970123, -4.1372515], [-38.5932828, -4.1392841], [-38.590027, -4.1373945], [-38.5935104, -4.1364284], [-38.5952823, -4.1321238], [-38.5925315, -4.1314806], [-38.5914522, -4.133561], [-38.5893274, -4.1310128], [-38.5845065, -4.1329627], [-38.5824141, -4.1316157], [-38.5822316, -4.1343399], [-38.5787127, -4.1320194], [-38.5798337, -4.1294483], [-38.5774895, -4.1271415], [-38.5745853, -4.128633], [-38.5751211, -4.1232074], [-38.5784597, -4.1247446], [-38.5801918, -4.1239176], [-38.5832304, -4.1252601], [-38.5845275, -4.1242477], [-38.5850229, -4.1270393], [-38.58882709999999, -4.1272443], [-38.5888867, -4.124673], [-38.596754, -4.1247355], [-38.5976071, -4.1203642], [-38.59599749999999, -4.1201145], [-38.5945852, -4.1171028], [-38.5922855, -4.117981], [-38.5936887, -4.1163929], [-38.5915655, -4.1160975], [-38.591509, -4.1146566], [-38.5887524, -4.1167049], [-38.5876046, -4.1144121], [-38.5877763, -4.1179849], [-38.5860657, -4.1170693], [-38.5850464, -4.1138683], [-38.5834019, -4.1134527], [-38.5815406, -4.115478], [-38.5800117, -4.1148135], [-38.5820334, -4.1117671], [-38.580005, -4.1120356], [-38.5786854, -4.1098925], [-38.57636379999999, -4.1127257], [-38.5762779, -4.1112979], [-38.5742322, -4.1113391], [-38.5757665, -4.1146578], [-38.57373109999998, -4.1173124], [-38.5718245, -4.1156284], [-38.5697244, -4.1163053], [-38.5707294, -4.1213252], [-38.5676108, -4.1197926], [-38.566596, -4.1190086], [-38.5650708, -4.1159204], [-38.565652, -4.1168934], [-38.5696708, -4.1161829], [-38.5694891, -4.1143318], [-38.5716543, -4.1136731], [-38.5702068, -4.1100591], [-38.5712991, -4.1089219], [-38.56854879999999, -4.1069394], [-38.5677038, -4.1108845], [-38.5669648, -4.1098076], [-38.5647465, -4.1120574], [-38.56211839999999, -4.1086394], [-38.5603327, -4.1099215], [-38.5604505, -4.1079398], [-38.5622547, -4.1085664], [-38.56439549999999, -4.1075549], [-38.5626063, -4.1071086], [-38.56499679999999, -4.1023486], [-38.5625829, -4.1033878], [-38.5632907, -4.1002939], [-38.56203869999999, -4.0995396], [-38.560089699999985, -4.1015259], [-38.5565345, -4.1001452], [-38.5595365, -4.0972387], [-38.5557685, -4.0963062], [-38.555170799999985, -4.094381], [-38.5582418, -4.0946461], [-38.56134309999999, -4.0925464], [-38.5647264, -4.096506], [-38.5673984, -4.0955405], [-38.5715393, -4.0992596], [-38.5701829, -4.0951102], [-38.5716509, -4.0934754], [-38.5758122, -4.0949162], [-38.5777234, -4.0940763], [-38.5718623, -4.0907298], [-38.5696109, -4.0921819], [-38.5691884, -4.0906584], [-38.5656524, -4.0920687], [-38.5654521, -4.0943682], [-38.56481929999999, -4.0949721], [-38.5654166, -4.091975], [-38.5645509, -4.0902035], [-38.56277929999999, -4.0906256], [-38.5622225, -4.0879899], [-38.567526, -4.0862525], [-38.5641099, -4.0859501], [-38.5629313, -4.0843269], [-38.5624155, -4.0866541], [-38.5602968, -4.0859753], [-38.5589823, -4.0844015], [-38.5596763, -4.0823202], [-38.55812, -4.0823046], [-38.5592669, -4.0797273], [-38.555908, -4.0799453], [-38.5564963, -4.0833812], [-38.5531981, -4.0833781], [-38.5523016, -4.0846343], [-38.5524509, -4.0830249], [-38.5494477, -4.0816316], [-38.5480786, -4.0775065], [-38.545007, -4.0783773], [-38.5451993, -4.0809948], [-38.5431556, -4.0796302], [-38.5423408, -4.0826714], [-38.5418667, -4.0777198], [-38.5400933, -4.077955], [-38.5397921, -4.0768068], [-38.5438575, -4.0764296], [-38.5433408, -4.0738379], [-38.5420447, -4.0746523], [-38.541003, -4.072961], [-38.541057, -4.0700993], [-38.5432986, -4.0689485], [-38.5428684, -4.067251], [-38.5448642, -4.068637], [-38.5455421, -4.0642038], [-38.5484898, -4.0661976], [-38.5476195, -4.068824], [-38.549313099999985, -4.0706625], [-38.546960099999986, -4.0701339], [-38.5480668, -4.0719675], [-38.5460419, -4.0741696], [-38.5477896, -4.0742457], [-38.5491825, -4.0720474], [-38.5510709, -4.0734381], [-38.550653, -4.0755773], [-38.5522412, -4.0761018], [-38.5522621, -4.0742937], [-38.555199499999986, -4.0739621], [-38.5521318, -4.0722189], [-38.5514503, -4.0693724], [-38.5527181, -4.0687479], [-38.554116, -4.0702578], [-38.555174399999984, -4.067566], [-38.55777, -4.0707001], [-38.5584116, -4.0686701], [-38.5593272, -4.0676409], [-38.5598694, -4.0645885], [-38.5576706, -4.0658456], [-38.5561333, -4.0642933], [-38.5527986, -4.0643897], [-38.5504578, -4.0560288], [-38.5470593, -4.054017], [-38.5508245, -4.0524689], [-38.5528037, -4.0531921], [-38.5535138, -4.0519391], [-38.5514637, -4.0497886], [-38.5532792, -4.0473837], [-38.5553648, -4.0508678], [-38.5561795, -4.0489187], [-38.5574635, -4.0497095], [-38.5594938, -4.0550973], [-38.5621235, -4.0551679], [-38.5629231, -4.059483], [-38.5633279, -4.0578449], [-38.5662339, -4.0580226], [-38.5686088, -4.0625982], [-38.5693539, -4.0612321], [-38.572923, -4.0625803], [-38.5725581, -4.0593873], [-38.56938359999999, -4.055644], [-38.5750989, -4.0586552], [-38.57534229999999, -4.0568135], [-38.57837019999999, -4.0547736], [-38.5795843, -4.0560492], [-38.5786894, -4.0586587], [-38.5803063, -4.0574964], [-38.58247809999999, -4.0599621], [-38.5851395, -4.0595934], [-38.5854768, -4.0615356], [-38.5883214, -4.062414], [-38.588830399999985, -4.0639307], [-38.5907547, -4.0628196], [-38.5900198, -4.0617048], [-38.5899351, -4.0609389], [-38.5909879, -4.0623228], [-38.5915021, -4.0603719], [-38.59330459999998, -4.0646108], [-38.59693389999999, -4.062246], [-38.5979572, -4.0622849], [-38.599048, -4.0633956], [-38.59955, -4.0632699], [-38.59804769999999, -4.0603353], [-38.59375, -4.0609616], [-38.5956893, -4.0587553], [-38.59176, -4.0561129], [-38.593538, -4.0544716], [-38.5982205, -4.0574501], [-38.5981103, -4.0538689], [-38.5965051, -4.0522873], [-38.5970226, -4.0492081], [-38.5997311, -4.0490066], [-38.5993877, -4.0478184], [-38.60290579999999, -4.0480949], [-38.6033228, -4.0508326], [-38.6055461, -4.046794], [-38.6090094, -4.0518063], [-38.6112852, -4.0508945], [-38.613466, -4.0534303], [-38.6143353, -4.052215], [-38.6130725, -4.0527095], [-38.6124827, -4.0519246], [-38.6142746, -4.0520069], [-38.6155772, -4.0532372], [-38.6153409, -4.0518895], [-38.6131773, -4.0498408], [-38.61298509999998, -4.0470243], [-38.6109322, -4.0484919], [-38.6091558, -4.0460949], [-38.6100371, -4.0419817], [-38.6085461, -4.0416605], [-38.6075429, -4.0433824], [-38.6046143, -4.0431521], [-38.6039227, -4.0408598], [-38.6002863, -4.044969], [-38.5925889, -4.0397618], [-38.5955199, -4.0440718], [-38.5936154, -4.0445954], [-38.5937234, -4.0460347], [-38.5922172, -4.044314], [-38.5885442, -4.0458356], [-38.5858907, -4.0438139], [-38.5858489, -4.0491164], [-38.58351, -4.0480799], [-38.5833216, -4.0499649], [-38.5808045, -4.0504623], [-38.5806549, -4.048476], [-38.5827264, -4.0476871], [-38.5807349, -4.0448013], [-38.5773215, -4.0488799], [-38.575859, -4.0482826], [-38.5766049, -4.0513179], [-38.5748785, -4.049497], [-38.5743054, -4.0517826], [-38.5721393, -4.0493203], [-38.5723066, -4.0475344], [-38.5701835, -4.0464549], [-38.5690331, -4.048203], [-38.5656424, -4.0490629], [-38.5637998, -4.0477325], [-38.5668226, -4.0471893], [-38.5690615, -4.0446939], [-38.5665828, -4.0425436], [-38.56719289999999, -4.0403072], [-38.5645895, -4.0405538], [-38.5638285, -4.0384574], [-38.5610092, -4.0398343], [-38.56100509999999, -4.0372421], [-38.5581119, -4.0371009], [-38.5568354, -4.0345552], [-38.5544586, -4.0363341], [-38.5524114, -4.036079], [-38.5540333, -4.0408708], [-38.55237539999999, -4.0397546], [-38.5523507, -4.041255], [-38.5500325, -4.0393165], [-38.54806579999999, -4.0361588], [-38.5500207, -4.0354603], [-38.5489486, -4.0333751], [-38.5474642, -4.0336772], [-38.5495599, -4.0243463], [-38.5504997, -4.0280814], [-38.5538531, -4.0320343], [-38.5553226, -4.0329945], [-38.5560025, -4.0320886], [-38.55275489999999, -4.0263179], [-38.5549153, -4.0255708], [-38.5546883, -4.0230805], [-38.552391, -4.0225491], [-38.5533254, -4.0193659], [-38.5515362, -4.0192365], [-38.5496764, -4.0212838], [-38.5486406, -4.0197778], [-38.5503097, -4.0156096], [-38.5465194, -4.0161997], [-38.5452917, -4.013873], [-38.5469939, -4.0114957], [-38.5431586, -4.0118419], [-38.5464912, -4.0078078], [-38.539951, -4.0103895], [-38.5414334, -4.0052202], [-38.5438147, -4.0028436], [-38.5423776, -4.0025557], [-38.5431133, -3.9988728], [-38.5410646, -3.9997187], [-38.5386199, -4.0046454], [-38.539104, -4.0061771], [-38.5375422, -4.0063755], [-38.53705369999999, -4.0080546], [-38.53415109999999, -4.0058514], [-38.5348474, -4.0030269], [-38.5312775, -4.000925], [-38.533236, -4.0005931], [-38.5333484, -3.9991574], [-38.53486, -3.9992561], [-38.5377609, -3.9959008], [-38.5344005, -3.9932117], [-38.5373232, -3.9925486], [-38.5356418, -3.9910041], [-38.5385726, -3.9902548], [-38.5390531, -3.9884486], [-38.542397, -3.9898258], [-38.5482945, -3.9896291], [-38.5433254, -3.9878159], [-38.5440826, -3.9852961], [-38.5414719, -3.9867591], [-38.5395013, -3.9853203], [-38.5366267, -3.9856888]], [[-38.578982, -4.0806225], [-38.5821273, -4.0806168], [-38.5817985, -4.0798537], [-38.5776269, -4.0772532], [-38.5766609, -4.0742709], [-38.57459379999999, -4.0754833], [-38.5722981, -4.0697539], [-38.5716142, -4.0708142], [-38.5694947, -4.0696874], [-38.570449, -4.0675501], [-38.5671841, -4.0685049], [-38.5671706, -4.069924], [-38.5654872, -4.0694042], [-38.565414, -4.0662983], [-38.5624385, -4.0681714], [-38.560976, -4.066613], [-38.5586673, -4.0686472], [-38.5608142, -4.0718052], [-38.5615597, -4.0704677], [-38.5633524, -4.0722112], [-38.5661251, -4.0764669], [-38.5688273, -4.0741621], [-38.56970039999999, -4.0779974], [-38.5730396, -4.0765397], [-38.5725415, -4.0788367], [-38.5754236, -4.0772155], [-38.5756495, -4.0788553], [-38.5775192, -4.0786317], [-38.577173, -4.0802179], [-38.5786575, -4.0790472], [-38.578982, -4.0806225]], [[-38.6076711, -4.0398243], [-38.611051, -4.0417528], [-38.6111597, -4.0390988], [-38.6093277, -4.0400071], [-38.6088638, -4.0378481], [-38.6076711, -4.0398243]], [[-38.5992324, -4.0395165], [-38.599327, -4.0404626], [-38.5979648, -4.0398273], [-38.5983143, -4.0427612], [-38.6005664, -4.044055], [-38.6017394, -4.0419394], [-38.6001949, -4.0421849], [-38.5992324, -4.0395165]]], [[[-38.586449899999984, -3.9020761], [-38.59534989999999, -3.9266952], [-38.5865167, -3.9377354], [-38.5917771, -3.9457117], [-38.5848501, -3.9516788], [-38.5886164, -3.9535836], [-38.5907392, -3.9511657], [-38.5947119, -3.9545514], [-38.5850023, -3.96789], [-38.5868087, -3.9692917], [-38.58584029999999, -3.9708875], [-38.5800978, -3.963153], [-38.5754791, -3.9609853], [-38.5640561, -3.9489682], [-38.555486, -3.9574639], [-38.5483951, -3.9598092], [-38.5472034, -3.9686466], [-38.54367089999999, -3.9737791], [-38.5461326, -3.9591576], [-38.5489584, -3.9566649], [-38.5535515, -3.9557755], [-38.5558378, -3.9515034], [-38.559781, -3.9482218], [-38.5604258, -3.9455195], [-38.5576027, -3.9430088], [-38.55965409999999, -3.9410858], [-38.5572328, -3.9384725], [-38.5545461, -3.9398577], [-38.5496725, -3.9353261], [-38.54656269999999, -3.92621], [-38.55062, -3.9218469], [-38.5445156, -3.917377], [-38.5469028, -3.9148117], [-38.5438296, -3.9125166], [-38.54914269999998, -3.9073777], [-38.5540165, -3.907384], [-38.5603761, -3.9033022], [-38.56164109999999, -3.9036199], [-38.5608906, -3.9042534], [-38.5607974, -3.9048727], [-38.56078869999999, -3.904296], [-38.5611864, -3.903782], [-38.55950019999999, -3.903877], [-38.5511291, -3.9103283], [-38.5543593, -3.9139891], [-38.5505123, -3.9140516], [-38.5492406, -3.9190378], [-38.5524995, -3.9164959], [-38.5544224, -3.9168125], [-38.5548556, -3.9189501], [-38.5501117, -3.9245807], [-38.5537523, -3.9250067], [-38.5557344, -3.9222894], [-38.5568527, -3.922588], [-38.5560425, -3.926727], [-38.5586201, -3.9301238], [-38.5573535, -3.9322438], [-38.55336409999999, -3.9321738], [-38.5560947, -3.9330893], [-38.555744, -3.9351108], [-38.5561418, -3.9354266], [-38.5574302, -3.9324933], [-38.5598902, -3.9324364], [-38.5594125, -3.9350871], [-38.5619066, -3.934457], [-38.56304069999999, -3.9312914], [-38.5660476, -3.9321299], [-38.5672834, -3.936184], [-38.5650988, -3.9424139], [-38.5670835, -3.940332], [-38.5676113, -3.9362438], [-38.5703589, -3.9369387], [-38.571203, -3.9392697], [-38.5730302, -3.9377792], [-38.5721991, -3.9418039], [-38.5738072, -3.9435496], [-38.5715304, -3.9454476], [-38.5737468, -3.946334], [-38.5757547, -3.9527789], [-38.5795615, -3.9556281], [-38.5811961, -3.9546308], [-38.5812997, -3.9467797], [-38.5793992, -3.9465342], [-38.57904509999999, -3.9431836], [-38.5763442, -3.9424026], [-38.5753131, -3.939391], [-38.577543, -3.9398558], [-38.5785797, -3.9386964], [-38.5771291, -3.9369061], [-38.5762022, -3.938604], [-38.5747791, -3.9353615], [-38.5812436, -3.9331694], [-38.5844708, -3.9351075], [-38.5872635, -3.9337224], [-38.5838468, -3.9316408], [-38.5860073, -3.9295749], [-38.5815019, -3.9302698], [-38.5808593, -3.9286064], [-38.57774089999999, -3.9314297], [-38.5761451, -3.9304413], [-38.57489, -3.9324105], [-38.5751236, -3.9311795], [-38.5707015, -3.9289745], [-38.5730363, -3.9266218], [-38.5707435, -3.9263711], [-38.5678668, -3.9282181], [-38.5684768, -3.9246469], [-38.5644393, -3.9237017], [-38.5703243, -3.9221606], [-38.5660012, -3.9214114], [-38.5658495, -3.9201071], [-38.5644031, -3.9215676], [-38.5627849, -3.9176894], [-38.5678456, -3.9163982], [-38.561398, -3.9151441], [-38.5624048, -3.9128206], [-38.5603005, -3.9128637], [-38.5601694, -3.9100914], [-38.5634436, -3.912678], [-38.5639548, -3.9110419], [-38.5652634, -3.9129472], [-38.5674555, -3.9116607], [-38.5680432, -3.9133507], [-38.5690222, -3.9121962], [-38.5697953, -3.9138655], [-38.5713887, -3.9111836], [-38.5728541, -3.9120371], [-38.572358, -3.9146705], [-38.5751755, -3.9102008], [-38.5764442, -3.9116884], [-38.5776417, -3.9099393], [-38.582178699999986, -3.9117866], [-38.57911989999999, -3.9082389], [-38.586449899999984, -3.9020761]], [[-38.5780175, -3.9118664], [-38.5761387, -3.9119742], [-38.576923, -3.9151397], [-38.5786282, -3.9137541], [-38.5780175, -3.9118664]], [[-38.5649995, -3.9346075], [-38.56593749999998, -3.9354376], [-38.56610029999999, -3.9350454], [-38.5649995, -3.9346075]]], [[[-38.5732208, -3.8996309], [-38.57429829999999, -3.9063933], [-38.5789704, -3.9023215], [-38.5800666, -3.9052349], [-38.5773084, -3.908073], [-38.5777526, -3.904931], [-38.5741156, -3.9081369], [-38.5729871, -3.907252], [-38.57357, -3.9047637], [-38.5719158, -3.9070822], [-38.5701907, -3.9071411], [-38.5707235, -3.9058452], [-38.5688936, -3.9048722], [-38.568823, -3.9018091], [-38.5671469, -3.899878], [-38.5674769, -3.9076515], [-38.5620774, -3.9065548], [-38.5637407, -3.9060312], [-38.564461, -3.9036234], [-38.5616558, -3.9038969], [-38.5611615, -3.9047104], [-38.56097409999998, -3.9049106], [-38.5608005, -3.9048737], [-38.5612656, -3.9040589], [-38.5639433, -3.9028488], [-38.5650176, -3.9030509], [-38.56473659999999, -3.9010802], [-38.568572, -3.8979874], [-38.5732208, -3.8996309]]]]}}, {"type": "Feature", "properties": {"feature_id": "protected_lands_02590", "source_layer": "protected_lands", "source_layer_label": "Protected lands / conservation units", "feature_name": "Unnamed feature", "source_year": 202503, "source_file": "conservationunits_202503_simplified.parquet", "code_state": null, "abbrev_state": null, "name_state": null, "code_muni": null, "name_muni": null, "name_region": null, "code_region": null, "year": 2025.0, "uc_id": "18887", "cd_cnuc": "7700.23.4915", "wdpa_pid": null, "nome_uc": "\u00c1REA DE PROTE\u00c7\u00c3O AMBIENTAL DA SERRA DE MARANGUAPE", "cria_ano": "13-06-1993", "cria_ato": "Lei ordin\u00e1ria 1168 de 08-06-1993", "outro_ato": "Decreto 7520 de 17-03-2022 Regulamenta\u00e7\u00e3o", "pl_manejo": "N\u00e3o", "co_gestor": "Sim", "quali_pol": "Pol\u00edgono corresponde ao memorial descritivo", "ppgr": null, "ha_total": "5941.07", "ha_ato": "5936.46", "esfera": "Municipal", "uf": "CEAR\u00c1", "municipio": "MARANGUAPE (CE)", "org_gestor": "SECRETARIA DO MEIO AMBIENTE E URBANISMO DE MARANGUAPE - CE", "grupo": "Uso Sustent\u00e1vel", "categoria": "\u00c1rea de Prote\u00e7\u00e3o Ambiental", "cat_iucn": "Category V", "amazonia": null, "caatinga": "5939.15", "cerrado": null, "matlantica": null, "pampa": null, "pantanal": null, "marinho": null, "situacao": "Ativo", "limite": "uc", "rbiosfera": "Mata Atl\u00e2ntica", "nome_abrev": "APA DA SERRA DE MARANGUAPE", "date": 202503.0, "code_indigenous_land": null, "name_indigenous_land": null, "area_ha": null, "fase_ti": null, "modalidade": null, "coordination_region": null, "faixa_fron": null, "code_adm_unit": null, "name_adm_unit": null, "abbrev_adm_unit": null}, "geometry": {"type": "Polygon", "coordinates": [[[-38.699626, -3.9571198], [-38.6976815, -3.9570697], [-38.6976328, -3.9567983], [-38.6976472, -3.9562555], [-38.69813449999999, -3.9551052], [-38.7005876, -3.9519141], [-38.7004115, -3.9500142], [-38.7032826, -3.9483331], [-38.7081715, -3.9494082], [-38.7100656, -3.9464408], [-38.714977, -3.9497266], [-38.71770079999999, -3.9494774], [-38.7147118, -3.946491], [-38.71338749999999, -3.9418257], [-38.7036082, -3.9423325], [-38.7007869, -3.9400927], [-38.698504, -3.9353577], [-38.6997925, -3.9313236], [-38.6934529, -3.9208865], [-38.6907359, -3.9121972], [-38.6912004, -3.9006153], [-38.6943099, -3.8954], [-38.6930034, -3.8945614], [-38.6938046, -3.8914827], [-38.6920273, -3.8870454], [-38.6804861, -3.8772705], [-38.67977779999999, -3.8735363], [-38.6787353, -3.8734374], [-38.6794415, -3.8709754], [-38.67427819999998, -3.8702601], [-38.66997079999999, -3.867455], [-38.6755986, -3.8645715], [-38.6751157, -3.8620942], [-38.6765909, -3.8593117], [-38.6796998, -3.8592182], [-38.68395419999999, -3.8566844], [-38.6881286, -3.8567838], [-38.7030171, -3.8753467], [-38.7073368, -3.8746001], [-38.7162413, -3.8819636], [-38.7230497, -3.8953242], [-38.7243079, -3.9014744], [-38.7298773, -3.9057848], [-38.7324677, -3.9098548], [-38.7324546, -3.91265], [-38.7355416, -3.9181851], [-38.736396, -3.9294259], [-38.7432593, -3.9351518], [-38.7526895, -3.927787], [-38.75599059999998, -3.9278093], [-38.7576236, -3.9324569], [-38.765353, -3.9419584], [-38.7692374, -3.943635], [-38.78010889999999, -3.9543004], [-38.7851758, -3.9642861], [-38.7877198, -3.9666437], [-38.7941533, -3.9667795], [-38.7910608, -3.9716292], [-38.7887083, -3.9837892], [-38.781976, -3.9809046], [-38.7786501, -3.9757522], [-38.7651634, -3.9711096], [-38.7520517, -3.9723221], [-38.7505581, -3.9676337], [-38.7461475, -3.9642329], [-38.74671989999999, -3.9607835], [-38.7454596, -3.9575864], [-38.7419376, -3.9556574], [-38.7421752, -3.9540308], [-38.7376401, -3.9519248], [-38.72647, -3.9508619], [-38.7246676, -3.9551994], [-38.7203452, -3.954269], [-38.7177083, -3.9601537], [-38.7205296, -3.9607854], [-38.7192589, -3.9689539], [-38.7119369, -3.9690469], [-38.7092603, -3.9673654], [-38.70770309999999, -3.9740431], [-38.70440139999999, -3.9715563], [-38.7021891, -3.9715353], [-38.7017918, -3.9682598], [-38.7037301, -3.9651572], [-38.7013243, -3.9651291], [-38.699626, -3.9571198]]]}}, {"type": "Feature", "properties": {"feature_id": "protected_lands_02941", "source_layer": "protected_lands", "source_layer_label": "Protected lands / conservation units", "feature_name": "Unnamed feature", "source_year": 202503, "source_file": "conservationunits_202503_simplified.parquet", "code_state": null, "abbrev_state": null, "name_state": null, "code_muni": null, "name_muni": null, "name_region": null, "code_region": null, "year": 2025.0, "uc_id": "21330", "cd_cnuc": "0000.23.0951", "wdpa_pid": "555682290", "nome_uc": "\u00c1REA DE PROTE\u00c7\u00c3O AMBIENTAL DO ESTU\u00c1RIO DO RIO CEAR\u00c1", "cria_ano": "31-03-1999", "cria_ato": "Decreto 25.413 de 29-03-1999", "outro_ato": "Lei ordin\u00e1ria 17535 de 23-06-2021 Revis\u00e3o dos limites , Lei ordin\u00e1ria N\u00ba 16.607 de 18-07-2018 Amplia\u00e7\u00e3o", "pl_manejo": "Sim", "co_gestor": "Sim", "quali_pol": "Pol\u00edgono \u00e9 uma estimativa dos limites da UC", "ppgr": null, "ha_total": "2737.06", "ha_ato": "2744.89", "esfera": "Estadual", "uf": "CEAR\u00c1", "municipio": "CAUCAIA (CE), FORTALEZA (CE)", "org_gestor": "SECRETARIA DO MEIO AMBIENTE DO CEAR\u00c1 - CE", "grupo": "Uso Sustent\u00e1vel", "categoria": "\u00c1rea de Prote\u00e7\u00e3o Ambiental", "cat_iucn": "Category V", "amazonia": null, "caatinga": "2731.14", "cerrado": null, "matlantica": null, "pampa": null, "pantanal": null, "marinho": "3.4", "situacao": "Ativo", "limite": "uc", "rbiosfera": "Mata Atl\u00e2ntica", "nome_abrev": "APA DO ESTU\u00c1RIO DO RIO CEAR\u00c1", "date": 202503.0, "code_indigenous_land": null, "name_indigenous_land": null, "area_ha": null, "fase_ti": null, "modalidade": null, "coordination_region": null, "faixa_fron": null, "code_adm_unit": null, "name_adm_unit": null, "abbrev_adm_unit": null}, "geometry": {"type": "Polygon", "coordinates": [[[-38.5882005, -3.6997594], [-38.5864792, -3.6963566], [-38.5866922, -3.6921606], [-38.5915408, -3.6950324], [-38.5917692, -3.6981727], [-38.6140291, -3.6926544], [-38.6223503, -3.6947312], [-38.630818, -3.6947628], [-38.631181699999985, -3.6966546], [-38.6337694, -3.6937254], [-38.6442014, -3.6930722], [-38.6456179, -3.6988894], [-38.6437531, -3.7013971], [-38.6491488, -3.7105448], [-38.6495312, -3.7134748], [-38.65519229999999, -3.71193], [-38.6554723, -3.7104683], [-38.65791079999999, -3.7106453], [-38.6572755, -3.7152914], [-38.6592382, -3.720648], [-38.6511927, -3.722009], [-38.6510549, -3.7170397], [-38.64311129999999, -3.7076907], [-38.63424709999999, -3.7008], [-38.6361036, -3.6972315], [-38.6336838, -3.6962901], [-38.6309521, -3.6988087], [-38.6394073, -3.7095165], [-38.6455527, -3.7367126], [-38.6338137, -3.7403378], [-38.6423055, -3.7460833], [-38.64560319999999, -3.745388], [-38.64633339999999, -3.7473611], [-38.6556384, -3.7468897], [-38.6519742, -3.7553264], [-38.6467318, -3.7578078], [-38.6340691, -3.751381], [-38.6292511, -3.7466605], [-38.6275985, -3.7415147], [-38.6251999, -3.7415906], [-38.6201111, -3.7376666], [-38.6177302, -3.7326257], [-38.6159082, -3.7365533], [-38.6097537, -3.736001], [-38.609759, -3.7392791], [-38.6057563, -3.738028], [-38.6051965, -3.7415251], [-38.5990529, -3.7406796], [-38.59965969999999, -3.7368428], [-38.600981699999984, -3.737044], [-38.600732, -3.7341732], [-38.6048825, -3.7283643], [-38.6055632, -3.7212413], [-38.6089236, -3.7193309], [-38.6090826, -3.717087], [-38.602336, -3.7095145], [-38.6007725, -3.7100889], [-38.5882005, -3.6997594]]]}}, {"type": "Feature", "properties": {"feature_id": "indigenous_lands_00308", "source_layer": "indigenous_lands", "source_layer_label": "Indigenous lands", "feature_name": "Pitaguary", "source_year": 2025, "source_file": "indigenouslands_2025_simplified.parquet", "code_state": 23.0, "abbrev_state": "CE", "name_state": "Cear\u00e1", "code_muni": null, "name_muni": null, "name_region": "Nordeste", "code_region": 2.0, "year": 2025.0, "uc_id": null, "cd_cnuc": null, "wdpa_pid": null, "nome_uc": null, "cria_ano": null, "cria_ato": null, "outro_ato": null, "pl_manejo": null, "co_gestor": null, "quali_pol": null, "ppgr": null, "ha_total": null, "ha_ato": null, "esfera": null, "uf": null, "municipio": null, "org_gestor": null, "grupo": null, "categoria": null, "cat_iucn": null, "amazonia": null, "caatinga": null, "cerrado": null, "matlantica": null, "pampa": null, "pantanal": null, "marinho": null, "situacao": null, "limite": null, "rbiosfera": null, "nome_abrev": null, "date": 20250625.0, "code_indigenous_land": 36201.0, "name_indigenous_land": "Pitaguary", "area_ha": 1727.8686, "fase_ti": "Declarada", "modalidade": "Tradicionalmente ocupada", "coordination_region": "Coordenacao Regional Nordeste Ii", "faixa_fron": "N\u00e3o", "code_adm_unit": 30202001976.0, "name_adm_unit": "Coordenacao Regional Nordeste Ii", "abbrev_adm_unit": "CR-NE-II"}, "geometry": {"type": "Polygon", "coordinates": [[[-38.6346924, -3.9036145], [-38.6349744, -3.9087929], [-38.628306, -3.908879], [-38.6285143, -3.9163738], [-38.6339302, -3.9143699], [-38.64285, -3.9199333], [-38.6495825, -3.9259872], [-38.6474061, -3.9268497], [-38.65150339999999, -3.934317], [-38.6552501, -3.933502], [-38.6542579, -3.9417743], [-38.6514014, -3.9411779], [-38.6498267, -3.9445071], [-38.6478042, -3.9450799], [-38.65048310000001, -3.9494213], [-38.6436889, -3.9523405], [-38.6434183, -3.9678887], [-38.6407892, -3.9727615], [-38.6119775, -3.9492882], [-38.6093864, -3.9413307], [-38.6100105, -3.9402676], [-38.61837889999999, -3.9406615], [-38.627376, -3.9307598], [-38.6215809, -3.9071168], [-38.6238512, -3.9064554], [-38.6249301, -3.908331], [-38.6346924, -3.9036145]]]}}, {"type": "Feature", "properties": {"feature_id": "indigenous_lands_00310", "source_layer": "indigenous_lands", "source_layer_label": "Indigenous lands", "feature_name": "Tapeba", "source_year": 2025, "source_file": "indigenouslands_2025_simplified.parquet", "code_state": 23.0, "abbrev_state": "CE", "name_state": "Cear\u00e1", "code_muni": null, "name_muni": null, "name_region": "Nordeste", "code_region": 2.0, "year": 2025.0, "uc_id": null, "cd_cnuc": null, "wdpa_pid": null, "nome_uc": null, "cria_ano": null, "cria_ato": null, "outro_ato": null, "pl_manejo": null, "co_gestor": null, "quali_pol": null, "ppgr": null, "ha_total": null, "ha_ato": null, "esfera": null, "uf": null, "municipio": null, "org_gestor": null, "grupo": null, "categoria": null, "cat_iucn": null, "amazonia": null, "caatinga": null, "cerrado": null, "matlantica": null, "pampa": null, "pantanal": null, "marinho": null, "situacao": null, "limite": null, "rbiosfera": null, "nome_abrev": null, "date": 20250625.0, "code_indigenous_land": 54601.0, "name_indigenous_land": "Tapeba", "area_ha": 5294.0, "fase_ti": "Declarada", "modalidade": "Tradicionalmente ocupada", "coordination_region": "Coordenacao Regional Nordeste Ii", "faixa_fron": "N\u00e3o", "code_adm_unit": 30202001976.0, "name_adm_unit": "Coordenacao Regional Nordeste Ii", "abbrev_adm_unit": "CR-NE-II"}, "geometry": {"type": "MultiPolygon", "coordinates": [[[[-38.6932343, -3.7156458], [-38.6943151, -3.7183545], [-38.68686429999999, -3.7201937], [-38.6882412, -3.7257865], [-38.6905925, -3.7259619], [-38.69010619999998, -3.7311635], [-38.6837267, -3.7297252], [-38.6846048, -3.7333541], [-38.67525889999999, -3.7346696], [-38.6746471, -3.7316092], [-38.6761344, -3.7312552], [-38.6748073, -3.7261201], [-38.6793892, -3.7214491], [-38.6812607, -3.7284028], [-38.6845482, -3.7289233], [-38.6834344, -3.721214], [-38.6864749, -3.7202348], [-38.6859855, -3.7177419], [-38.6932343, -3.7156458]]], [[[-38.6803648, -3.7345918], [-38.68375, -3.7408334], [-38.6864167, -3.7403888], [-38.6869167, -3.7454722], [-38.6918333, -3.7451944], [-38.69078659999999, -3.7391564], [-38.7018889, -3.737], [-38.702304, -3.73475], [-38.70377779999998, -3.7362778], [-38.7035556, -3.7331389], [-38.7055, -3.7330555], [-38.705519, -3.7247238], [-38.7008659, -3.7242764], [-38.7006955, -3.722657], [-38.695731, -3.7235483], [-38.6950833, -3.7216389], [-38.6976111, -3.7213056], [-38.69691669999999, -3.7169722], [-38.6954166, -3.7139166], [-38.6933056, -3.7146945], [-38.6868888, -3.7063056], [-38.6835278, -3.6925556], [-38.6801095, -3.6929908], [-38.6787948, -3.6895488], [-38.678583299999985, -3.6835278], [-38.6747684, -3.6827246], [-38.6711755, -3.6848393], [-38.6758004, -3.6787466], [-38.67930779999999, -3.6784251], [-38.6773056, -3.679997], [-38.6784455, -3.6818882], [-38.68349519999999, -3.6811806], [-38.6895008, -3.6744728], [-38.694788, -3.6717153], [-38.6940305, -3.6741999], [-38.6902859, -3.6755697], [-38.6903912, -3.6802753], [-38.7015555, -3.6756111], [-38.7034492, -3.6831219], [-38.7020947, -3.6872811], [-38.7001389, -3.6873333], [-38.6914444, -3.702], [-38.69220389999999, -3.7053348], [-38.6944722, -3.7078889], [-38.7088611, -3.7125556], [-38.7089128, -3.7318246], [-38.7091667, -3.7331088], [-38.7111112, -3.7330278], [-38.71325, -3.7423611], [-38.7145556, -3.7411944], [-38.7209445, -3.7447778], [-38.73097219999999, -3.742], [-38.7318333, -3.7365278], [-38.73363889999999, -3.73525], [-38.736416699999985, -3.7352222], [-38.73786109999999, -3.7401111], [-38.7434629, -3.7371217], [-38.7453222, -3.7408444], [-38.7424167, -3.7429444], [-38.7432723, -3.7449633], [-38.7384622, -3.7455903], [-38.7404722, -3.7488333], [-38.7376389, -3.7490833], [-38.740851, -3.7621053], [-38.7434149, -3.7660582], [-38.744, -3.7766944], [-38.7205833, -3.7736667], [-38.7228056, -3.7801667], [-38.7146945, -3.7840278], [-38.711477, -3.783839], [-38.7200278, -3.7935], [-38.7171944, -3.7958889], [-38.71475, -3.7952412], [-38.7064722, -3.7819722], [-38.70175, -3.7799167], [-38.69825, -3.7808611], [-38.69558329999999, -3.7788889], [-38.6930742, -3.7717419], [-38.6877778, -3.7726111], [-38.6882228, -3.7796095], [-38.6753611, -3.7722778], [-38.6793225, -3.7657326], [-38.6790833, -3.7611111], [-38.675965, -3.763492], [-38.6762763, -3.7622693], [-38.6720595, -3.7589404], [-38.6702442, -3.7545832], [-38.666277, -3.7551016], [-38.6616111, -3.7525833], [-38.66097219999999, -3.7497778], [-38.6568889, -3.7523333], [-38.6535278, -3.75125], [-38.6520959, -3.7551257], [-38.647107, -3.7578523], [-38.6307222, -3.7496111], [-38.6274444, -3.7416389], [-38.62541669999999, -3.7417222], [-38.6204061, -3.7375239], [-38.617938, -3.7327836], [-38.6150278, -3.7333055], [-38.6114803, -3.7234291], [-38.6149978, -3.7226675], [-38.61634009999999, -3.720888], [-38.6173635, -3.7222801], [-38.6172731, -3.7188543], [-38.6188309, -3.7196951], [-38.621, -3.7171389], [-38.6183848, -3.7105859], [-38.6216958, -3.7094932], [-38.6231931, -3.7042527], [-38.6223083, -3.7014788], [-38.6273185, -3.7040613], [-38.6287503, -3.7023299], [-38.6308783, -3.7027175], [-38.626103, -3.7055791], [-38.6341461, -3.7390966], [-38.6369427, -3.739454], [-38.63786109999999, -3.7428889], [-38.6423056, -3.7460833], [-38.6455834, -3.7453333], [-38.64633339999999, -3.7473611], [-38.6625278, -3.7475278], [-38.6646566, -3.749138], [-38.6717793, -3.7477227], [-38.67094439999998, -3.7438333], [-38.67219439999999, -3.7423889], [-38.6703056, -3.7351944], [-38.6718611, -3.7351389], [-38.6721945, -3.7378611], [-38.6740278, -3.7375278], [-38.6766111, -3.7430555], [-38.6766111, -3.7386666], [-38.681, -3.7395556], [-38.6803648, -3.7345918]]]]}}, {"type": "Feature", "properties": {"feature_id": "indigenous_lands_00313", "source_layer": "indigenous_lands", "source_layer_label": "Indigenous lands", "feature_name": "Taba dos Anac\u00e9", "source_year": 2025, "source_file": "indigenouslands_2025_simplified.parquet", "code_state": 23.0, "abbrev_state": "CE", "name_state": "Cear\u00e1", "code_muni": null, "name_muni": null, "name_region": "Nordeste", "code_region": 2.0, "year": 2025.0, "uc_id": null, "cd_cnuc": null, "wdpa_pid": null, "nome_uc": null, "cria_ano": null, "cria_ato": null, "outro_ato": null, "pl_manejo": null, "co_gestor": null, "quali_pol": null, "ppgr": null, "ha_total": null, "ha_ato": null, "esfera": null, "uf": null, "municipio": null, "org_gestor": null, "grupo": null, "categoria": null, "cat_iucn": null, "amazonia": null, "caatinga": null, "cerrado": null, "matlantica": null, "pampa": null, "pantanal": null, "marinho": null, "situacao": null, "limite": null, "rbiosfera": null, "nome_abrev": null, "date": 20250625.0, "code_indigenous_land": 73714.0, "name_indigenous_land": "Taba dos Anac\u00e9", "area_ha": 543.0, "fase_ti": "Encaminhada RI", "modalidade": "Reserva Ind\u00edgena", "coordination_region": "Coordenacao Regional Nordeste Ii", "faixa_fron": "N\u00e3o", "code_adm_unit": 30202001976.0, "name_adm_unit": "Coordenacao Regional Nordeste Ii", "abbrev_adm_unit": "CR-NE-II"}, "geometry": {"type": "Polygon", "coordinates": [[[-38.710897, -3.689526], [-38.7176605, -3.6972953], [-38.7203785, -3.6969118], [-38.7255373, -3.7050115], [-38.7343456, -3.7008229], [-38.7395656, -3.7038476], [-38.7388029, -3.7054783], [-38.7467189, -3.7078757], [-38.7479393, -3.7103156], [-38.7379442, -3.7140599], [-38.7364904, -3.7165554], [-38.7304712, -3.7196871], [-38.72120849999999, -3.7128463], [-38.72092710000001, -3.714523], [-38.7189938, -3.7132402], [-38.7156254, -3.7140516], [-38.7170063, -3.708447], [-38.7110916, -3.6986435], [-38.71211359999999, -3.6980123], [-38.7071972, -3.6939983], [-38.7080631, -3.6929538], [-38.7106464, -3.6950183], [-38.7114396, -3.6941326], [-38.7088709, -3.6920023], [-38.710897, -3.689526]]]}}]}