{"type": "FeatureCollection", "features": [{"type": "Feature", "properties": {"id": "cand_1", "area_ha": 111.2, "basis": "CIPP-owned land (Plano Diretor 2022) 1.5-2.5 km from APA Lagamar do Cauipe, excl. installed industries", "status": "INFERRED - not a surveyed site"}, "geometry": {"type": "Polygon", "coordinates": [[[-38.796685244685726, -3.5814453907400376], [-38.79659520310365, -3.5814453706816036], [-38.79655019229899, -3.581400126140168], [-38.796505181498745, -3.5813548815967238], [-38.79646017070293, -3.581309637051265], [-38.796460190683256, -3.581219168033682], [-38.79646021066307, -3.5811286990159217], [-38.79641519988, -3.5810834544687835], [-38.79637018910135, -3.581038209919633], [-38.79637020908899, -3.5809477409020234], [-38.79632519831892, -3.580902496351029], [-38.79628018755327, -3.5808572517980233], [-38.79628020754873, -3.580766782780565], [-38.79628022754369, -3.5806763137629254], [-38.79623521679079, -3.58063106920824], [-38.796190206042304, -3.580585824651545], [-38.79619022604508, -3.5804953556340577], [-38.796145215305174, -3.580450111075517], [-38.79610020456969, -3.5804048665149675], [-38.796100224580286, -3.5803143974976313], [-38.796055213853386, -3.5802691529352364], [-38.796010203130905, -3.580223908370833], [-38.79601022314932, -3.580133439353648], [-38.79601024316722, -3.580042970336285], [-38.795965232457476, -3.5799977257702023], [-38.795920221752155, -3.5799524812021097], [-38.79592024177788, -3.5798620121848983], [-38.79587523108113, -3.579816767614963], [-38.795830220388815, -3.579771523043018], [-38.79583024042235, -3.5796810540259583], [-38.795830260455375, -3.5795905850087193], [-38.7957852497758, -3.5795453404350965], [-38.79574023910064, -3.5795000958594656], [-38.79574025914148, -3.5794096268423794], [-38.7956952484749, -3.579364382264905], [-38.79565023781273, -3.579319137685421], [-38.79565025786138, -3.579228668668488], [-38.79565027790952, -3.579138199651376], [-38.79560526726011, -3.579092955070215], [-38.7955602566151, -3.579047710487048], [-38.79556027667105, -3.5789572414700883], [-38.79551526603462, -3.5789119968850773], [-38.79547025540261, -3.5788667522980595], [-38.79547027546638, -3.578776283281252], [-38.79547029552963, -3.578685814264267], [-38.79542528491036, -3.578640569675573], [-38.7953802742955, -3.5785953250848705], [-38.79538029436657, -3.578504856068039], [-38.79533528376029, -3.578459611475495], [-38.79529027315842, -3.5784143668809443], [-38.7952902932373, -3.5783238978642653], [-38.79529031331567, -3.5782334288474087], [-38.79524530272654, -3.5781881842511827], [-38.79520029214183, -3.578142939652949], [-38.795200312228005, -3.5780524706362455], [-38.79515530165187, -3.578007226036172], [-38.79511029108014, -3.5779619814340906], [-38.79511031117413, -3.577871512417541], [-38.7951103312676, -3.5777810434008126], [-38.79506532070861, -3.577735798797058], [-38.79502031015404, -3.577690554191297], [-38.79502033025532, -3.5776000851747227], [-38.794975319709316, -3.5775548405671205], [-38.79493030916773, -3.5775095959575127], [-38.794930329276816, -3.577419126941093], [-38.7948853187438, -3.5773738823296455], [-38.79484030821521, -3.5773286377161915], [-38.7948403283321, -3.577238168699927], [-38.79484034844848, -3.5771476996834832], [-38.79479533793261, -3.5771024550683577], [-38.79475032742116, -3.577057210451225], [-38.794750347545346, -3.5769667414349358], [-38.794705337042465, -3.5769214968159644], [-38.794660326544, -3.576876252194988], [-38.79466034667598, -3.5767857831788543], [-38.794660366807456, -3.5766953141625426], [-38.79461535632172, -3.5766500695398933], [-38.7945703458404, -3.5766048249152393], [-38.79457036597967, -3.5765143558990835], [-38.79452535550692, -3.576469111272591], [-38.79448034503858, -3.576423866644093], [-38.794480365185656, -3.576333397628093], [-38.794435354725884, -3.576288152997757], [-38.79439034427053, -3.5762429083654173], [-38.79439036442541, -3.5761524393495727], [-38.79434535397862, -3.5761071947153944], [-38.79430034353624, -3.576061950079212], [-38.79430036369892, -3.575971481063524], [-38.794255353265115, -3.5759262364255044], [-38.794210342835726, -3.5758809917854797], [-38.7942103630062, -3.575790522769948], [-38.794165352585374, -3.5757452781280863], [-38.79412034216896, -3.575700033484221], [-38.79412036234724, -3.5756095644688464], [-38.79407535193939, -3.5755643198231435], [-38.794030341535965, -3.5755190751754378], [-38.79403036172203, -3.5754286061602207], [-38.793985351327166, -3.575383361510678], [-38.793940340936715, -3.575338116859132], [-38.79394036113058, -3.5752476478440705], [-38.79389535074869, -3.5752024031906893], [-38.793850340371215, -3.575157158535303], [-38.79380532999816, -3.5751119138779144], [-38.793760319629506, -3.575066669218521], [-38.79376033983947, -3.5749762002039547], [-38.79371532947939, -3.574930955542727], [-38.79367031912372, -3.5748857108794962], [-38.79367033934148, -3.574795241865087], [-38.79362532899437, -3.574749997200021], [-38.79358031865168, -3.5747047525329525], [-38.79353530831339, -3.574659507863881], [-38.79349029797952, -3.5746142631928057], [-38.79349031821338, -3.574523794178891], [-38.79344530788807, -3.574478549505984], [-38.79340029756717, -3.574433304831072], [-38.79335528725068, -3.5743880601541576], [-38.7933102769386, -3.574342815475241], [-38.79331029718856, -3.5742523464618245], [-38.793265286885045, -3.5742071017810737], [-38.79322027658595, -3.574161857098322], [-38.79317526629125, -3.574116612413566], [-38.793130256000964, -3.5740713677268108], [-38.79313027626702, -3.5739808987138906], [-38.7930852659853, -3.5739356540253007], [-38.79304025570799, -3.57389040933471], [-38.792995245435094, -3.5738451646421163], [-38.7929502351666, -3.573799919947521], [-38.792950255448744, -3.5737094509350995], [-38.792995285990564, -3.573664226616755], [-38.793040316527964, -3.5736190022958914], [-38.79308534706096, -3.573573777972509], [-38.79313037758954, -3.5735285536466086], [-38.79317540811372, -3.57348332931819], [-38.79322043863348, -3.5734381049872534], [-38.793220458887106, -3.5733476359725658], [-38.7932654893978, -3.573302411638764], [-38.793310519904075, -3.573257187302443], [-38.79335555040594, -3.573211962963604], [-38.7934005809034, -3.573166738622247], [-38.79344561139645, -3.573121514278373], [-38.79349064188509, -3.573076289931981], [-38.793490662110194, -3.572985820915031], [-38.793535692589764, -3.5729405965657746], [-38.79358072306491, -3.572895372214], [-38.793625753535665, -3.572850147859708], [-38.793670784002, -3.5728049235028982], [-38.79371581446393, -3.572759699143573], [-38.79376084492146, -3.5727144747817294], [-38.79376086511804, -3.5726240057625183], [-38.79380589556649, -3.572578781397811], [-38.79385092601052, -3.5725335570305874], [-38.79389595645016, -3.5724883326608454], [-38.793940986885374, -3.5724431082885877], [-38.793986017316186, -3.5723978839138133], [-38.79407605800066, -3.572397904178352], [-38.794121088422905, -3.5723526797963747], [-38.79416611884075, -3.57230745541188], [-38.79425615951744, -3.5723074756581874], [-38.79434620019463, -3.572307495895636], [-38.79439123059977, -3.5722622714992536], [-38.79443626100049, -3.572217047100355], [-38.7945263016699, -3.5722170673195737], [-38.79457133206206, -3.572171842913474], [-38.79461636244982, -3.572126618504858], [-38.79466139283317, -3.5720813940937273], [-38.79470642321211, -3.57203616968008], [-38.79475145358664, -3.5719909452639182], [-38.794796483956766, -3.57194572084524], [-38.794841514322485, -3.571900496424047], [-38.7948865446838, -3.571855272000339], [-38.7949315750407, -3.571810047574115], [-38.79493159511754, -3.5717195785464417], [-38.794931615193875, -3.5716291095185895], [-38.7949316352697, -3.5715386404905596], [-38.794931655345, -3.57144817146235], [-38.79497668567885, -3.5714029470322304], [-38.79502171600828, -3.571357722599597], [-38.79502173607375, -3.571267253570518], [-38.795021756138716, -3.5711767845412616], [-38.79502177620316, -3.571086315511826], [-38.7950217962671, -3.5709958464822122], [-38.79506682657347, -3.570950622045683], [-38.795111856875444, -3.5709053976066385], [-38.795111876929546, -3.570814928576157], [-38.79515690722245, -3.5707697041342534], [-38.795201937510946, -3.570724479689836], [-38.79520195755521, -3.5706340106584853], [-38.79524698783463, -3.570588786211209], [-38.79529201810966, -3.5705435617614185], [-38.79529203814409, -3.5704530927291986], [-38.79533706841004, -3.5704078682765505], [-38.79538209867159, -3.5703626438213876], [-38.79538211869619, -3.5702721747883004], [-38.79542714894867, -3.5702269503302797], [-38.79547217919674, -3.570181725869745], [-38.79547219921151, -3.5700912568357905], [-38.79551722945052, -3.570046032372398], [-38.79556225968513, -3.5700008079064927], [-38.79556227969006, -3.569910338871671], [-38.7956073099156, -3.5698651144029077], [-38.795652340136726, -3.569819889931632], [-38.79569737035346, -3.5697746654578433], [-38.795742400565786, -3.5697294409815408], [-38.79574242055156, -3.5696389719451633], [-38.79578745075482, -3.569593747466005], [-38.795832480953685, -3.569548522984334], [-38.795832500929635, -3.5694580539470886], [-38.79587753111942, -3.5694128294625607], [-38.795922561304806, -3.569367604975521], [-38.795922581270936, -3.569277135937409], [-38.79596761144725, -3.5692319114475124], [-38.79601264161917, -3.569186686955104], [-38.796057671786684, -3.5691414624601836], [-38.79610270194979, -3.5690962379627518], [-38.79610272189677, -3.569005768923085], [-38.796147752050814, -3.5689605444227968], [-38.79619278220046, -3.568915319919998], [-38.79619280213761, -3.568824850879466], [-38.796237832278194, -3.5687796263738103], [-38.79628286241437, -3.568734401865645], [-38.7962828823417, -3.5686439328242465], [-38.79632791246881, -3.568598708313225], [-38.796372942591525, -3.5685534837996933], [-38.79641797270983, -3.5685082592836492], [-38.79646300282373, -3.5684630347650947], [-38.79646302273192, -3.568372565722144], [-38.796508052836764, -3.5683273412007352], [-38.7965530829372, -3.5682821166768157], [-38.79655310283557, -3.5681916476330007], [-38.79659813292695, -3.568146423106227], [-38.796643163013925, -3.5681011985769424], [-38.79664318290247, -3.5680107295322623], [-38.79668821298039, -3.5679655050001253], [-38.79673324305391, -3.5679202804654757], [-38.79677827312302, -3.567875055928317], [-38.796823303187715, -3.5678298313886474], [-38.79682332305714, -3.5677393623424183], [-38.79686835311278, -3.5676941377998963], [-38.79691338316403, -3.5676489132548634], [-38.79691340302362, -3.5675584442077697], [-38.79695843306581, -3.5675132196598853], [-38.7970034631036, -3.5674679951094905], [-38.79704849313698, -3.5674227705565866], [-38.79713853335422, -3.5674227904920564], [-38.79718356337905, -3.5673775659319666], [-38.79722859339949, -3.567332341369367], [-38.79731863360893, -3.567332361286638], [-38.79736366362081, -3.567287136716852], [-38.797408693628284, -3.567241912144558], [-38.79749873382995, -3.5672419320436313], [-38.79754376382887, -3.5671967074641526], [-38.7975887938234, -3.5671514828821644], [-38.797678834017255, -3.567151502763041], [-38.79772386400323, -3.5671062781738687], [-38.797723883780556, -3.5670158091211492], [-38.797723903557376, -3.566925340068251], [-38.79772392333369, -3.5668348710151747], [-38.7977239431095, -3.5667444019619197], [-38.79776897307246, -3.566699177368872], [-38.79781400303101, -3.5666539527733154], [-38.797814022797006, -3.5665634837192], [-38.79785905274651, -3.566518259120795], [-38.79790408269161, -3.566473034519881], [-38.797904102447795, -3.5663825654649033], [-38.797949132383835, -3.56633734086114], [-38.79799416231548, -3.566292116254869], [-38.797994182061856, -3.566201647199031], [-38.79803921198445, -3.5661564225899105], [-38.798084241902636, -3.566111197978283], [-38.798084261639204, -3.5660207289215844], [-38.79812929154834, -3.565975504307108], [-38.798174301725815, -3.5660207487475066], [-38.79821931190769, -3.5660659931859016], [-38.798264322093964, -3.5661112376222937], [-38.79830933228464, -3.5661564820566825], [-38.79835434247971, -3.5662017264890684], [-38.79839935267918, -3.5662469709194498], [-38.79844436288307, -3.566292215347828], [-38.79848937309134, -3.566337459774202], [-38.79853438330402, -3.566382704198573], [-38.798579393521095, -3.5664279486209405], [-38.79862440374258, -3.566473193041303], [-38.79866941396846, -3.5665184374596617], [-38.79871442419874, -3.5665636818760165], [-38.79875943443342, -3.5666089262903666], [-38.798804444672506, -3.566654170702712], [-38.79884945491599, -3.566699415113055], [-38.798894465163876, -3.5667446595213925], [-38.798894445502505, -3.5668351285811966], [-38.79893945575895, -3.566880372987691], [-38.79898446601978, -3.566925617392181], [-38.79902947628502, -3.5669708617946667], [-38.79907448655467, -3.567016106195147], [-38.799119496828716, -3.567061350593623], [-38.799164507107164, -3.567106594990093], [-38.79920951739001, -3.5671518393845583], [-38.799254527677256, -3.567197083777019], [-38.799299537968906, -3.5672423281674734], [-38.79934454826496, -3.5672875725559225], [-38.799389558565416, -3.5673328169423675], [-38.799434568870275, -3.567378061326806], [-38.799434549258216, -3.5674685303883718], [-38.79947955957163, -3.567513774770966], [-38.79952456988944, -3.5675590191515543], [-38.79956958021166, -3.567604263530137], [-38.79961459053828, -3.5676495079067134], [-38.7996596008693, -3.5676947522812847], [-38.799704611204724, -3.567739996653849], [-38.79974962154455, -3.567785241024408], [-38.79979463188878, -3.5678304853929594], [-38.799794612309434, -3.5679209544556363], [-38.79983962266222, -3.5679661988223432], [-38.79988463301941, -3.5680114431870424], [-38.799929643381, -3.5680566875497366], [-38.79997465374699, -3.5681019319104235], [-38.80001966411739, -3.5681471762691035], [-38.800064674492184, -3.5681924206257767], [-38.800109684871394, -3.5682376649804426], [-38.800154695255, -3.5682829093331025], [-38.800154675708384, -3.568373378396885], [-38.80019968610054, -3.5684186227476986], [-38.80024469649712, -3.5684638670965043], [-38.800289706898084, -3.5685091114433014], [-38.80033471730346, -3.568554355788093], [-38.80033469777296, -3.568644824852339], [-38.800379708186895, -3.5686900691952825], [-38.80042471860523, -3.568735313536218], [-38.80046972902797, -3.5687805578751455], [-38.80051473945511, -3.5688258022120665], [-38.80055974988665, -3.568871046546978], [-38.80060476032261, -3.568916290879883], [-38.80060474081654, -3.569006759944911], [-38.800649751261055, -3.569052004275967], [-38.80069476170996, -3.569097248605015], [-38.80073977216328, -3.569142492932054], [-38.80078478262101, -3.5691877372570855], [-38.80078476313107, -3.5692782063225743], [-38.80082977359735, -3.5693234506457565], [-38.800874784068036, -3.56936869496693], [-38.80091979454313, -3.569413939286095], [-38.80096480502263, -3.569459183603252], [-38.800964785548814, -3.5695496526692], [-38.80100979603687, -3.5695948969845066], [-38.801054806529336, -3.5696401412978047], [-38.801099817026206, -3.5696853856090933], [-38.80114482752748, -3.5697306299183715], [-38.80114480806979, -3.56982109898478], [-38.80118981857963, -3.569866343292209], [-38.80123482909387, -3.569911587597629], [-38.80123480964401, -3.5700020566641757], [-38.80127982016681, -3.570047300967745], [-38.80132483069402, -3.570092545269305], [-38.80136984122563, -3.5701377895688555], [-38.80141485176165, -3.5701830338663956], [-38.80141483232792, -3.5702735029334], [-38.801459842872504, -3.5703187472290896], [-38.80150485342149, -3.5703639915227683], [-38.80150483399558, -3.570454460589912], [-38.80154984455313, -3.5704997048817395], [-38.80159485511509, -3.5705449491715573], [-38.80163986568145, -3.5705901934593647], [-38.801684876252224, -3.5706354377451617], [-38.801684856842456, -3.5707259068127604], [-38.80172986742179, -3.5707711510967055], [-38.80177487800553, -3.57081639537864], [-38.801774858603586, -3.570906864446376], [-38.80181986919589, -3.5709521087264586], [-38.80186487979261, -3.5709973530045294], [-38.80186486039848, -3.5710878220724047], [-38.801909871003765, -3.571133066348623], [-38.80195488161345, -3.5711783106228303], [-38.80195486222715, -3.5712687796908438], [-38.80199987284541, -3.5713140239631973], [-38.802044883468064, -3.5713592682335404], [-38.802044864089595, -3.5714497373016907], [-38.80208987472082, -3.5714949815701806], [-38.80213488535645, -3.571540225836658], [-38.802179895996495, -3.571585470101124], [-38.802224906640944, -3.571630714363578], [-38.80222488727862, -3.571721183432182], [-38.80226989793164, -3.5717664276927823], [-38.80231490858906, -3.5718116719513704], [-38.802314889234566, -3.5719021410201117], [-38.802359899900566, -3.5719473852768453], [-38.802404910570964, -3.571992629531567], [-38.80240489122429, -3.572083098600445], [-38.80244990190326, -3.5721283428533113], [-38.802494912586646, -3.572173587104166], [-38.802494893247804, -3.57226405617318], [-38.80249487390847, -3.5723545252420155], [-38.80253988460458, -3.5723997694911724], [-38.8025848953051, -3.572445013738316], [-38.80258487597361, -3.572535482807288], [-38.802629886682695, -3.5725807270525762], [-38.802674897396194, -3.572625971295852], [-38.80267487807252, -3.5727164403649603], [-38.80271988879459, -3.5727616846063803], [-38.80276489952107, -3.572806928845786], [-38.80276488020523, -3.57289739791503], [-38.80280989094028, -3.5729426421525803], [-38.802854901679744, -3.572987886388117], [-38.80285488237174, -3.573078355457496], [-38.80289989311977, -3.5731235996911765], [-38.802944903872216, -3.573168843922843], [-38.80294488457204, -3.573259312992357], [-38.802944865271385, -3.573349782061692], [-38.80298987603656, -3.5733950262916596], [-38.803034886806145, -3.5734402705196127], [-38.803034867513325, -3.5735307395890827], [-38.803079878291484, -3.5735759838151786], [-38.803124889074056, -3.5736212280392605], [-38.80312486978907, -3.573711697108865], [-38.80316988058021, -3.5737569413310895], [-38.80321489137577, -3.573802185551299], [-38.80321487209862, -3.573892654621039], [-38.80321485282098, -3.5739831236905997], [-38.80325986362927, -3.574028367909107], [-38.80330487444198, -3.5740736121256016], [-38.80330485517218, -3.574164081195296], [-38.803349865993454, -3.5742093254099316], [-38.80339487681915, -3.574254569622552], [-38.80339485755719, -3.57434503869238], [-38.80339483829473, -3.5744355077620313], [-38.80343984913316, -3.5744807519729496], [-38.803484859976, -3.5745259961818507], [-38.803484840721396, -3.5746164652516357], [-38.80352985157281, -3.5746617094586797], [-38.80357486242864, -3.5747069536637075], [-38.80357484318187, -3.574797422733625], [-38.803619854046275, -3.5748426669367936], [-38.8036648649151, -3.574887911137947], [-38.803664845676174, -3.5749783802079977], [-38.80366482643675, -3.5750688492778697], [-38.80370983731832, -3.5751140934773193], [-38.8037548482043, -3.5751593376747524], [-38.80375482897272, -3.5752498067447576], [-38.803799839867274, -3.5752950509403307], [-38.80384485076624, -3.575340295133888], [-38.80384483154251, -3.575430764204026], [-38.803844812318296, -3.575521233273985], [-38.80388982323001, -3.575566477465837], [-38.80393483414613, -3.5756117216556733], [-38.80393481492976, -3.5757021907257642], [-38.80397982585446, -3.575747434913739], [-38.80402483678359, -3.5757926790996972], [-38.80402481757506, -3.5758831481699214], [-38.804024798366044, -3.575973617239967], [-38.804069809307904, -3.5760188614242185], [-38.804114820254185, -3.576064105606454], [-38.80411480105302, -3.576154574676632], [-38.80415981200789, -3.576199818857005], [-38.80420482296716, -3.5762450630353615], [-38.804159792810395, -3.5762902879271588], [-38.80411476264922, -3.5763355128164505], [-38.80406973248363, -3.5763807377032353], [-38.804024702313626, -3.5764259625875128], [-38.80397967213921, -3.5764711874692847], [-38.803889631002576, -3.5764711681571586], [-38.80384460081958, -3.576516393031744], [-38.80379957063217, -3.576561617903823], [-38.80370952948768, -3.5765615985734693], [-38.803664499291685, -3.5766068234383606], [-38.80361946909128, -3.576652048300746], [-38.803529427938955, -3.576652028952163], [-38.80348439772996, -3.576697253807361], [-38.80343936751656, -3.576742478660052], [-38.80339433729874, -3.576787703510234], [-38.803349307076516, -3.5768329283579092], [-38.803259265908, -3.576832908981736], [-38.80321423567718, -3.5768781338222237], [-38.80316920544196, -3.5769233586602023], [-38.803079164265604, -3.5769233392657984], [-38.80303413402179, -3.5769685640965885], [-38.80298910377356, -3.5770137889248703], [-38.80289906258936, -3.577013769512235], [-38.802854032332554, -3.5770589943333273], [-38.80280900207134, -3.577104219151912], [-38.8027639718057, -3.577149443967987], [-38.80271894153566, -3.5771946687815537], [-38.80262890033527, -3.5771946493413216], [-38.802583870056644, -3.577239874147698], [-38.8025388397736, -3.5772850989515654], [-38.80244879856537, -3.5772850794930986], [-38.80240376827374, -3.577330304289775], [-38.8023587379777, -3.5773755290839424], [-38.80226869676163, -3.5773755096072404], [-38.802223666457, -3.5774207343942157], [-38.802178636147964, -3.5774659591786815], [-38.80213360583451, -3.577511183960638], [-38.80208857551665, -3.5775564087400844], [-38.8019985342844, -3.5775563892357805], [-38.80195350395795, -3.577601614008035], [-38.80190847362708, -3.577646838777779], [-38.801818432386995, -3.577646819255237], [-38.801773402047544, -3.577692044017788], [-38.80172837170368, -3.5777372687778284], [-38.80163833045576, -3.577737249237048], [-38.801593300103306, -3.5777824739898945], [-38.80154826974645, -3.577827698740231], [-38.80150323938517, -3.5778729234880555], [-38.80145820901948, -3.5779181482333704], [-38.80136816775538, -3.5779181286649826], [-38.80132313738111, -3.577963353403102], [-38.801278107002425, -3.578008578138711], [-38.80118806573048, -3.5780085585520816], [-38.80114303534321, -3.5780537832804944], [-38.80109800495152, -3.5780990080063972], [-38.80105297455542, -3.578144232729787], [-38.8010079441549, -3.5781894574506663], [-38.800917902866786, -3.578189437836425], [-38.80087287245769, -3.5782346625501074], [-38.80082784204417, -3.5782798872612784], [-38.800737800748216, -3.578279867628793], [-38.800692770326116, -3.5783250923327663], [-38.80064773989961, -3.578370317034228], [-38.80055769859582, -3.5783702973834983], [-38.80051266816072, -3.5784155220777625], [-38.80046763772121, -3.578460746769514], [-38.80042260727728, -3.5785059714587533], [-38.80037757682894, -3.57855119614548], [-38.80028753550898, -3.5785511764671325], [-38.800242505052054, -3.57859640114666], [-38.80019747459071, -3.5786416258236753], [-38.800107433262916, -3.5786416061270807], [-38.80006240279299, -3.5786868307968955], [-38.80001737231864, -3.578732055464199], [-38.79997234183989, -3.5787772801289885], [-38.79992731135672, -3.578822504791266], [-38.79988228086913, -3.5788677294510287], [-38.799837250377124, -3.5789129541082785], [-38.7997922198807, -3.578958178763015], [-38.79974718937986, -3.5790034034152383], [-38.7997021588746, -3.579048628064948], [-38.79965712836493, -3.5790938527121425], [-38.79961209785083, -3.5791390773568255], [-38.79956706733233, -3.579184301998994], [-38.799477025955035, -3.5791842822372755], [-38.79943199542795, -3.579229506872242], [-38.799386964896435, -3.579274731504693], [-38.79934193436052, -3.579319956134631], [-38.79929690382018, -3.5793651807620552], [-38.79925187327542, -3.579410405386964], [-38.79920684272624, -3.5794556300093587], [-38.799161812172656, -3.5795008546292393], [-38.79911678161465, -3.579546079246605], [-38.79907175105222, -3.5795913038614557], [-38.79902672048538, -3.579636528473792], [-38.79893667906692, -3.5796365086563102], [-38.79889164849149, -3.579681733261442], [-38.79884661791164, -3.5797269578640583], [-38.79880158732739, -3.5797721824641604], [-38.7987565567387, -3.579817407061747], [-38.798666515304085, -3.5798173872166292], [-38.798621484706814, -3.5798626118070103], [-38.79857645410514, -3.579907836394875], [-38.79853142349904, -3.579953060980225], [-38.79848639288852, -3.5799982855630597], [-38.79839635143774, -3.5799982656903047], [-38.79835132081864, -3.5800434902659317], [-38.798306290195114, -3.580088714839044], [-38.798261259567184, -3.5801339394096394], [-38.79821622893483, -3.58017916397772], [-38.79817119829806, -3.5802243885432827], [-38.79812616765687, -3.58026961310633], [-38.79808113701126, -3.5803148376668603], [-38.79803610636123, -3.580360062224875], [-38.79799107570679, -3.5804052867803726], [-38.79794604504792, -3.580450511333354], [-38.79785600355598, -3.580450491404809], [-38.79781097288854, -3.580495715950582], [-38.79776594221667, -3.580540940493837], [-38.79772091154038, -3.5805861650345756], [-38.797675880859686, -3.5806313895727966], [-38.797630850174556, -3.5806766141085014], [-38.79758581948502, -3.580721838641689], [-38.79754078879106, -3.5807670631723583], [-38.79749575809269, -3.58081228770051], [-38.79745072738989, -3.5808575122261446], [-38.797405696682674, -3.580902736749262], [-38.797315655149575, -3.5809027167649146], [-38.79727062443378, -3.580947941280821], [-38.797225593713556, -3.580993165794208], [-38.79718056298892, -3.5810383903050793], [-38.797135532259865, -3.581083614813432], [-38.79704549071061, -3.581083594801432], [-38.79700045997296, -3.581128819302572], [-38.796955429230906, -3.581174043801194], [-38.79691039848442, -3.5812192682972968], [-38.79686536773352, -3.581264492790883], [-38.7968203369782, -3.5813097172819504], [-38.796775306218464, -3.5813549417704995], [-38.7967302754543, -3.5814001662565262], [-38.796685244685726, -3.5814453907400376]]]}}, {"type": "Feature", "properties": {"id": "cand_2", "area_ha": 6.4, "basis": "CIPP-owned land (Plano Diretor 2022) 1.5-2.5 km from APA Lagamar do Cauipe, excl. installed industries", "status": "INFERRED - not a surveyed site"}, "geometry": {"type": "Polygon", "coordinates": [[[-38.81946140717431, -3.603705583123828], [-38.81937136328976, -3.6037055652013645], [-38.81928131940567, -3.603705547269964], [-38.81919127552203, -3.603705529329627], [-38.819146262512774, -3.6036602858090636], [-38.81910124950797, -3.603615042286447], [-38.819011205634126, -3.6036150243286884], [-38.818921161760734, -3.603615006361994], [-38.81883111788779, -3.603614988386364], [-38.81874107401531, -3.603614970401797], [-38.818696061033634, -3.6035697268601603], [-38.81865104805642, -3.60352448331647], [-38.818561004193725, -3.6035244653144836], [-38.818470960331496, -3.6035244473035615], [-38.81838091646971, -3.603524429283704], [-38.81829087260838, -3.603524411254909], [-38.81820082874751, -3.603524393217178], [-38.8181558157981, -3.603479149650231], [-38.81811080285314, -3.6034339060812295], [-38.818020759002074, -3.603433888026081], [-38.81793071515145, -3.6034338699619974], [-38.817840671301276, -3.6034338518889775], [-38.81775062745157, -3.6034338338070224], [-38.81766058360231, -3.6034338157161305], [-38.81757053975351, -3.603433797616303], [-38.817480495905166, -3.60343377950754], [-38.81743548299738, -3.603388535906805], [-38.81743550102946, -3.6032980668206673], [-38.81743551906109, -3.6032075977343485], [-38.81743553709226, -3.60311712864785], [-38.81739052420158, -3.603071885045478], [-38.81734551131534, -3.603026641441056], [-38.81734552935448, -3.602936172354654], [-38.81734554739319, -3.60284570326807], [-38.81734556543143, -3.6027552341813074], [-38.81734558346921, -3.602664765094364], [-38.81734560150654, -3.6025742960072415], [-38.81730058864584, -3.60252905240146], [-38.81725557578958, -3.602483808793627], [-38.817255593834886, -3.6023933397066004], [-38.817255611879744, -3.6023028706193942], [-38.81725562992414, -3.6022124015320083], [-38.81725564796808, -3.6021219324444425], [-38.81725566601157, -3.6020314633566946], [-38.817210653180844, -3.6019862197475034], [-38.81716564035456, -3.601940976136263], [-38.81716565840602, -3.6018505070486126], [-38.81716567645703, -3.601760037960784], [-38.81716569450758, -3.6016695688727736], [-38.817165712557674, -3.601579099784584], [-38.81716573060731, -3.601488630696214], [-38.817165748656485, -3.601398161607665], [-38.817165766705216, -3.6013076925189336], [-38.817120753912896, -3.6012624489066125], [-38.81707574112502, -3.6012172052922424], [-38.81707575918172, -3.6011267362036095], [-38.81707577723796, -3.6010362671147957], [-38.817075795293746, -3.6009457980258044], [-38.81707581334908, -3.6008553289366314], [-38.81707583140395, -3.600764859847279], [-38.81707584945837, -3.600674390757747], [-38.81707586751233, -3.6005839216680346], [-38.81707588556583, -3.6004934525781414], [-38.81703087281612, -3.6004482089628316], [-38.81698586007085, -3.6004029653454714], [-38.81703089087338, -3.6003577398728988], [-38.81712093441719, -3.6003577580108055], [-38.81721097796145, -3.6003577761397842], [-38.81725599071628, -3.6004030197464854], [-38.81730100347557, -3.600448263351137], [-38.81739104702962, -3.600448281462716], [-38.81748109058414, -3.600448299565366], [-38.817571134139115, -3.6004483176590876], [-38.81766117769454, -3.6004483357438812], [-38.817751221250425, -3.6004483538197465], [-38.817841264806766, -3.600448371886683], [-38.817931308363555, -3.600448389944691], [-38.8180213519208, -3.600448407993771], [-38.81806636472189, -3.600493651562481], [-38.81811137752742, -3.600538895129145], [-38.818201421094464, -3.6005389131608223], [-38.81829146466196, -3.6005389311835705], [-38.818336477481274, -3.600584174739707], [-38.818381490305036, -3.600629418293794], [-38.818471533882324, -3.600629436299139], [-38.818516546715195, -3.6006746798469376], [-38.818516528802974, -3.6007651489437515], [-38.818561541644506, -3.6008103924896364], [-38.81860655449048, -3.60085563603347], [-38.81860653658624, -3.6009461051303777], [-38.81860651868154, -3.601036574227104], [-38.8186515315404, -3.6010818177691615], [-38.8186965444037, -3.6011270613091675], [-38.81869652650698, -3.6012175304059886], [-38.81869650860982, -3.6013079995026285], [-38.818696490712206, -3.601398468599091], [-38.818741503592605, -3.601443712137453], [-38.818786516477445, -3.601488955673767], [-38.81878649858781, -3.60157942477032], [-38.81878648069773, -3.6016698938666942], [-38.818831493595454, -3.6017151374012286], [-38.81887650649762, -3.6017603809337104], [-38.818876488615516, -3.6018508500301754], [-38.81887647073297, -3.601941319126462], [-38.81892148364802, -3.6019865626571645], [-38.81896649656751, -3.6020318061858156], [-38.81896647869295, -3.602122275282196], [-38.81896646081793, -3.6022127443783942], [-38.81901147375031, -3.602257987905265], [-38.81905648668714, -3.602303231430084], [-38.81905646882011, -3.602393700526375], [-38.81905645095262, -3.602484169622485], [-38.819101463902335, -3.602529413145525], [-38.81914647685649, -3.60257465666651], [-38.819146458997004, -3.602665125762713], [-38.81914644113705, -3.6027555948587358], [-38.8191914541041, -3.6028008383779406], [-38.819236467075584, -3.6028460818950934], [-38.81923644922363, -3.6029365509912084], [-38.81923643137122, -3.6030270200871426], [-38.8192814443556, -3.603072263602514], [-38.819326457344424, -3.6031175071158317], [-38.81932643950001, -3.603207976211858], [-38.81932642165514, -3.6032984453077033], [-38.81937143465685, -3.6033436888192387], [-38.81941644766301, -3.6033889323287207], [-38.819416429826134, -3.6034794014246594], [-38.81941641198881, -3.6035698705204164], [-38.81946142500786, -3.6036151140281154], [-38.819506438031354, -3.6036603575337622], [-38.81946140717431, -3.603705583123828]]]}}, {"type": "Feature", "properties": {"id": "cand_6", "area_ha": 527.4, "basis": "CIPP-owned land (Plano Diretor 2022) 1.5-2.5 km from APA Lagamar do Cauipe, excl. installed industries", "status": "INFERRED - not a surveyed site"}, "geometry": {"type": "Polygon", "coordinates": [[[-38.828364523204264, -3.66314549857185], [-38.82827447338398, -3.6631454812523567], [-38.828184423564124, -3.6631454639237786], [-38.8280943737447, -3.663145446586117], [-38.828049357468274, -3.6631002034046563], [-38.828004341196376, -3.663054960221095], [-38.827914291386854, -3.6630549428656938], [-38.82782424157776, -3.663054925501209], [-38.82773419176909, -3.6630549081276405], [-38.82764414196085, -3.6630548907449874], [-38.82755409215305, -3.66305487335325], [-38.82746404234567, -3.663054855952429], [-38.82737399253873, -3.6630548385425237], [-38.827283942732215, -3.6630548211235343], [-38.82723892650272, -3.6630095779032557], [-38.82719391027776, -3.662964334680878], [-38.827103860481145, -3.6629643172441515], [-38.827013810684974, -3.6629642997983423], [-38.82692376088922, -3.6629642823434487], [-38.82683371109391, -3.6629642648794714], [-38.826743661299034, -3.6629642474064106], [-38.82665361150458, -3.662964229924266], [-38.826563561710564, -3.6629642124330366], [-38.82647351191699, -3.662964194932724], [-38.82642849573443, -3.6629189516736393], [-38.826383479556405, -3.662873708412455], [-38.826293429772726, -3.6628736908944086], [-38.82620337998949, -3.662873673367278], [-38.82611333020668, -3.662873655831065], [-38.82602328042431, -3.662873638285767], [-38.82593323064237, -3.6628736207313866], [-38.82584318086087, -3.6628736031679217], [-38.8257531310798, -3.662873585595374], [-38.82566308129917, -3.662873568013741], [-38.82561806516356, -3.662828324715861], [-38.82557304903247, -3.662783081415884], [-38.82548299926175, -3.6627830638165197], [-38.825392949491466, -3.662783046208074], [-38.82530289972162, -3.6627830285905434], [-38.8252128499522, -3.66278301096393], [-38.82512280018323, -3.662782993328233], [-38.825032750414685, -3.6627829756834522], [-38.82494270064659, -3.6627829580295885], [-38.82485265087892, -3.6627829403666414], [-38.82480763479026, -3.6627376970299768], [-38.82476261870613, -3.662692453691215], [-38.82467256894838, -3.6626924360105386], [-38.82458251919107, -3.662692418320779], [-38.8244924694342, -3.6626924006219372], [-38.82440241967775, -3.6626923829140114], [-38.824312369921756, -3.6626923651970027], [-38.8242223201662, -3.662692347470911], [-38.82413227041108, -3.662692329735736], [-38.8240422206564, -3.662692311991477], [-38.8239972046147, -3.662647068616039], [-38.82395218857753, -3.662601825238506], [-38.823862138832766, -3.662601807476521], [-38.82377208908844, -3.6626017897054535], [-38.82368203934456, -3.662601771925303], [-38.82359198960112, -3.662601754136069], [-38.82350193985812, -3.662601736337753], [-38.82341189011556, -3.6626017185303534], [-38.82332184037344, -3.6626017007138705], [-38.82323179063176, -3.6626016828883055], [-38.82318677463703, -3.662556439474106], [-38.82314175864682, -3.662511196057811], [-38.82305170891507, -3.6625111782145217], [-38.822961659183754, -3.66251116036215], [-38.82287160945288, -3.662511142500695], [-38.82278155972246, -3.6625111246301576], [-38.82269150999247, -3.6625111067505376], [-38.82260146026292, -3.6625110888618346], [-38.82251141053383, -3.6625110709640487], [-38.822421360805166, -3.66251105305718], [-38.82237634485741, -3.6624658096042295], [-38.822331328914174, -3.6624205661491858], [-38.822241279195445, -3.662420548224596], [-38.82215122947716, -3.662420530290923], [-38.822106213547926, -3.6623752868251453], [-38.82206119762321, -3.6623300433572736], [-38.82197114791485, -3.6623300254058813], [-38.821881098206944, -3.662330007445406], [-38.82183608229624, -3.662284763966804], [-38.82179106639005, -3.662239520486107], [-38.82170101669207, -3.6622395025079126], [-38.82161096699453, -3.6622394845206365], [-38.82156595110235, -3.662194241029208], [-38.821520935214686, -3.662148997535689], [-38.82143088552708, -3.6621489795306945], [-38.82134083583991, -3.662148961516618], [-38.82129581996626, -3.662103718012369], [-38.821250804097126, -3.662058474506028], [-38.82116075441989, -3.662058456474234], [-38.821070704743114, -3.662058438433359], [-38.82102568888798, -3.6620131949162884], [-38.82098067303737, -3.6619679513971257], [-38.820890623370516, -3.661967933338535], [-38.82084560752917, -3.661922689812964], [-38.82080059169234, -3.6618774462852994], [-38.82071054203543, -3.6618774282089936], [-38.82066552620786, -3.661832184674921], [-38.82062051038481, -3.661786941138756], [-38.820575494566285, -3.6617416976005006], [-38.820530478752275, -3.661696454060151], [-38.820485462942784, -3.6616512105177104], [-38.82044044713782, -3.661605966973178], [-38.82039543133737, -3.6615607234265544], [-38.820350415541434, -3.661515479877839], [-38.820305399750026, -3.661470236327032], [-38.82026038396313, -3.661424992774136], [-38.820215368180754, -3.661379749219146], [-38.820170352402904, -3.661334505662066], [-38.820080302803355, -3.661334487524888], [-38.82003528703476, -3.6612892439614018], [-38.81999027127069, -3.6612440003958246], [-38.819945255511136, -3.6611987568281563], [-38.819900239756095, -3.661153513258398], [-38.81985522400558, -3.661108269686548], [-38.81981020825958, -3.661063026112608], [-38.8197651925181, -3.661017782536578], [-38.81972017678113, -3.6609725389584575], [-38.81967516104869, -3.6609272953782446], [-38.819630145320765, -3.660882051795945], [-38.81958512959736, -3.660836808211554], [-38.819585147701986, -3.6607463392297657], [-38.81963018152098, -3.660701113831921], [-38.81967521533546, -3.660655888431535], [-38.81967523343014, -3.6605654194489317], [-38.819720267235354, -3.6605201940456893], [-38.81976530103606, -3.660474968639904], [-38.819765319120805, -3.6603844996564865], [-38.81981035291224, -3.6603392742478467], [-38.81985538669916, -3.660294048836665], [-38.819855404773975, -3.6602035798524297], [-38.819900438551635, -3.6601583544383933], [-38.819945472324775, -3.6601131290218163], [-38.81994549038966, -3.6600226600367662], [-38.81994550845409, -3.659932191051532], [-38.81999054221323, -3.6598869656317823], [-38.82003557596786, -3.659841740209494], [-38.82003559402236, -3.659751271223445], [-38.820080627767716, -3.6597060457982997], [-38.82012566150857, -3.6596608203706174], [-38.820125679553136, -3.6595703513837536], [-38.82017071328473, -3.659525125953213], [-38.8202157470118, -3.659479900520135], [-38.820215765046434, -3.659389431532457], [-38.82026079876425, -3.6593442060965233], [-38.82030583247756, -3.6592989806580523], [-38.82030585050226, -3.6592085116695583], [-38.82030586852652, -3.659118042680882], [-38.82035090222582, -3.6590728172392386], [-38.82039593592061, -3.659027591795056], [-38.820395953934934, -3.658937122805568], [-38.820440987620465, -3.6588918973585316], [-38.820486021301484, -3.6588466719089565], [-38.820486039305884, -3.658756202918652], [-38.820486057309836, -3.658665733928166], [-38.82053109097685, -3.6586205084754226], [-38.82057612463936, -3.658575283020141], [-38.820576142633385, -3.6584848140288386], [-38.82062117628663, -3.6584395885707046], [-38.82066620993536, -3.658394363110031], [-38.82066622791947, -3.6583038941179162], [-38.82066624590311, -3.6582134251256178], [-38.82071127953786, -3.6581681996617768], [-38.82075631316808, -3.6581229741953987], [-38.82075633114181, -3.658032505202287], [-38.820756349115086, -3.657942036208994], [-38.82080138273132, -3.6578968107394463], [-38.820846416343045, -3.6578515852673616], [-38.8208464343064, -3.657761116273254], [-38.8208464522693, -3.6576706472789646], [-38.820846470231764, -3.6575801782844928], [-38.820891503824754, -3.6575349528089256], [-38.82093653741323, -3.6574897273308213], [-38.82093655536577, -3.6573992583355355], [-38.82093657331786, -3.6573087893400684], [-38.820981606892346, -3.6572635638587974], [-38.82102664046232, -3.657218338374991], [-38.82102665840449, -3.6571278693787086], [-38.821026676346214, -3.657037400382246], [-38.82102669428749, -3.656946931385599], [-38.821071727838735, -3.6569017058983104], [-38.821116761385476, -3.6568564804084844], [-38.82111677931683, -3.656766011411027], [-38.82111679724773, -3.656675542413386], [-38.82111681517819, -3.6565850734155614], [-38.821116833108206, -3.656494604417555], [-38.82116186663149, -3.6564493789239347], [-38.82120690015026, -3.656404153427779], [-38.82120691807035, -3.65631368442896], [-38.82120693599, -3.656223215429958], [-38.821206953909204, -3.656132746430775], [-38.82120697182796, -3.656042277431408], [-38.821252005323274, -3.6559970519314584], [-38.821297038814066, -3.6559518264289714], [-38.821297056722905, -3.655861357428794], [-38.8212970746313, -3.6557708884284317], [-38.821297092539254, -3.6556804194278887], [-38.82129711044675, -3.6555899504271623], [-38.821297128353805, -3.6554994814262534], [-38.82129714626042, -3.6554090124251606], [-38.82134217971829, -3.6553637869182527], [-38.82138721317166, -3.65531856140881], [-38.82138723106835, -3.6552280924069054], [-38.8213872489646, -3.65513762340482], [-38.821387266860405, -3.6550471544025505], [-38.82138728475576, -3.6549566854001005], [-38.82138730265067, -3.654866216397466], [-38.821387320545135, -3.654775747394651], [-38.82138733843915, -3.6546852783916512], [-38.82138735633273, -3.65459480938847], [-38.82138737422586, -3.654504340385105], [-38.82138739211854, -3.6544138713815597], [-38.821387410010765, -3.6543234023778295], [-38.82138742790256, -3.6542329333739185], [-38.8213874457939, -3.654142464369824], [-38.82138746368479, -3.6540519953655477], [-38.82138748157525, -3.6539615263610874], [-38.82138749946525, -3.653871057356446], [-38.82138751735481, -3.653780588351621], [-38.82138753524392, -3.6536901193466162], [-38.82138755313259, -3.653599650341425], [-38.821387571020814, -3.653509181336053], [-38.821387588908586, -3.653418712330498], [-38.82138760679592, -3.65332824332476], [-38.8213876246828, -3.6532377743188404], [-38.82138764256924, -3.6531473053127383], [-38.82138766045523, -3.6530568363064533], [-38.82138767834078, -3.6529663672999857], [-38.82138769622588, -3.6528758982933365], [-38.82138771411053, -3.6527854292865034], [-38.82138773199474, -3.652694960279489], [-38.821387749878504, -3.6526044912722915], [-38.82138776776182, -3.652514022264913], [-38.82138778564469, -3.6524235532573504], [-38.82138780352712, -3.6523330842496065], [-38.82138782140909, -3.6522426152416787], [-38.82138783929062, -3.6521521462335693], [-38.82138785717171, -3.6520616772252765], [-38.821342841774076, -3.6520164337378773], [-38.821297826380956, -3.6519711902483927], [-38.82129784427016, -3.6518807212401816], [-38.82129786215893, -3.651790252231789], [-38.82129788004725, -3.6516997832232128], [-38.82129789793512, -3.651609314214454], [-38.82129791582254, -3.6515188452055125], [-38.821297933709516, -3.6514283761963915], [-38.82125291834661, -3.6513831327056105], [-38.8212079029882, -3.6513378892127446], [-38.821207920883296, -3.6512474202037026], [-38.82120793877795, -3.651156951194479], [-38.82120795667216, -3.651066482185074], [-38.82120797456592, -3.650976013175485], [-38.82116295922915, -3.6509307696810622], [-38.82111794389689, -3.6508855261845516], [-38.82111796179877, -3.650795057175046], [-38.8211179797002, -3.6507045881653566], [-38.821117997601185, -3.6506141191554855], [-38.82111801550172, -3.6505236501454306], [-38.8210730001911, -3.6504784066473652], [-38.82102798488498, -3.6504331631472153], [-38.82102800279363, -3.6503426941372425], [-38.82102802070184, -3.65025222512709], [-38.821028038609604, -3.650161756116753], [-38.82098302332083, -3.650116512614912], [-38.82093800803656, -3.65007126911099], [-38.820938025952444, -3.6499808001007357], [-38.820938043867876, -3.6498903310902993], [-38.82089302859668, -3.6498450875845547], [-38.82084801332998, -3.6497998440767265], [-38.820848031253526, -3.649709375066372], [-38.820848049176625, -3.6496189060558355], [-38.820848067099284, -3.6495284370451175], [-38.82080305184993, -3.6494831935356022], [-38.820758036605085, -3.6494379500240024], [-38.82075805453585, -3.649347481013368], [-38.82075807246617, -3.6492570120025487], [-38.82071305723439, -3.6492117684891303], [-38.820668042007114, -3.649166524973628], [-38.82066805994555, -3.649076055962894], [-38.820668077883525, -3.6489855869519765], [-38.82062306266932, -3.6489403434346555], [-38.820578047459605, -3.6488950999152507], [-38.8205780654057, -3.6488046309044178], [-38.82057808335134, -3.6487141618934014], [-38.82057810129654, -3.648623692882205], [-38.82053308610417, -3.648578449361115], [-38.82048807091631, -3.6485332058379423], [-38.82048808886962, -3.6484427368268277], [-38.820488106822474, -3.6483522678155307], [-38.82044309164767, -3.6483070242905415], [-38.820398076477375, -3.6482617807634674], [-38.82039809443834, -3.6481713117522556], [-38.820398112398856, -3.648080842740861], [-38.820353097241615, -3.6480355992119704], [-38.82030808208887, -3.6479903556809967], [-38.8203081000575, -3.6478998866696872], [-38.82030811802568, -3.6478094176581943], [-38.820263102885995, -3.647764174125406], [-38.82021808775082, -3.6477189305905338], [-38.8202181057271, -3.647628461579125], [-38.82021812370294, -3.6475379925675355], [-38.82017310858081, -3.6474927490308473], [-38.82012809346319, -3.647447505492078], [-38.82012811144713, -3.647357036480573], [-38.82012812943062, -3.6472665674688844], [-38.82012814741367, -3.647176098457016], [-38.82008313231338, -3.647130854916565], [-38.820038117217585, -3.6470856113740306], [-38.82003813520874, -3.6469951423622464], [-38.82003815319944, -3.646904673350279], [-38.8199931381167, -3.6468594298059314], [-38.819948123038465, -3.646814186259502], [-38.819948141037266, -3.6467237172476192], [-38.81994815903562, -3.646633248235556], [-38.819903143970436, -3.6465880046873127], [-38.81985812890975, -3.6465427611369887], [-38.81985814691621, -3.6464522921250113], [-38.81985816492221, -3.646361823112848], [-38.819813149874584, -3.6463165795607106], [-38.819768134831456, -3.646271336006492], [-38.819768152845555, -3.6461808669944165], [-38.81976817085921, -3.6460903979821584], [-38.81972315582914, -3.646045154426128], [-38.81967814080355, -3.6459999108680146], [-38.819678158825305, -3.645909441855844], [-38.81967817684661, -3.6458189728434895], [-38.819678194867464, -3.645728503830953], [-38.8196331798592, -3.6456832602711637], [-38.81958816485545, -3.6456380167092917], [-38.8195881828844, -3.6455475476968418], [-38.819588200912904, -3.6454570786842115], [-38.81954318592219, -3.6454118351205276], [-38.81949817093598, -3.6453665915547635], [-38.819543203954524, -3.645321366107847], [-38.819588236968556, -3.6452761406584018], [-38.81958825499571, -3.645185671645223], [-38.81958827302241, -3.645095202631864], [-38.819633306022496, -3.645049977179252], [-38.81967833901809, -3.6450047517241106], [-38.81967835703489, -3.644914282709938], [-38.81972339002127, -3.6448690572519484], [-38.81976842300313, -3.644823831791431], [-38.81976844101004, -3.6447333627764413], [-38.819768459016494, -3.64464289376127], [-38.81981349198442, -3.644597668297588], [-38.81985852494785, -3.644552442831378], [-38.8198585429444, -3.6444619738153916], [-38.81985856094052, -3.644371504799224], [-38.81985857893618, -3.644281035782874], [-38.81985859693139, -3.644190566766343], [-38.81985861492615, -3.644100097749628], [-38.81985863292046, -3.6440096287327317], [-38.81985865091432, -3.6439191597156526], [-38.819858668907735, -3.643828690698393], [-38.819858686900695, -3.6437382216809504], [-38.81985870489321, -3.643647752663326], [-38.819858722885265, -3.6435572836455203], [-38.81985874087688, -3.6434668146275317], [-38.819858758868044, -3.6433763456093624], [-38.81985877685876, -3.6432858765910088], [-38.81985879484902, -3.643195407572474], [-38.81985881283883, -3.6431049385537575], [-38.819858830828196, -3.6430144695348594], [-38.81985884881711, -3.6429240005157784], [-38.819858866805575, -3.6428335314965157], [-38.81985888479359, -3.6427430624770714], [-38.819858902781164, -3.6426525934574445], [-38.81985892076827, -3.6425621244376365], [-38.81985893875494, -3.642471655417645], [-38.81985895674115, -3.6423811863974738], [-38.81985897472692, -3.6422907173771177], [-38.819858992712234, -3.6422002483565823], [-38.8198590106971, -3.642109779335864], [-38.81985902868152, -3.6420193103149634], [-38.819859046665485, -3.6419288412938795], [-38.819859064649, -3.6418383722726153], [-38.81985908263208, -3.6417479032511686], [-38.81985910061469, -3.6416574342295416], [-38.81985911859686, -3.6415669652077307], [-38.81985913657858, -3.64147649618574], [-38.81985915455985, -3.641386027163565], [-38.81985917254067, -3.641295558141209], [-38.819859190521036, -3.64120508911867], [-38.81985920850096, -3.6411146200959528], [-38.819859226480425, -3.6410241510730494], [-38.81981421168484, -3.6409789075288184], [-38.81976919689376, -3.640933663982509], [-38.81976921488131, -3.640843194959693], [-38.81976923286842, -3.6407527259366947], [-38.81976925085508, -3.6406622569135156], [-38.819769268841284, -3.640571787890154], [-38.81976928682705, -3.64048131886661], [-38.81976930481235, -3.6403908498428876], [-38.81976932279721, -3.640300380818979], [-38.81976934078162, -3.6402099117948907], [-38.819769358765576, -3.6401194427706196], [-38.819769376749086, -3.6400289737461673], [-38.81976939473214, -3.639938504721533], [-38.81976941271475, -3.6398480356967164], [-38.81976943069691, -3.639757566671719], [-38.81976944867861, -3.6396670976465386], [-38.81976946665988, -3.6395766286211777], [-38.81976948464068, -3.6394861595956334], [-38.81976950262104, -3.6393956905699087], [-38.81976952060095, -3.6393052215440007], [-38.81976953858041, -3.639214752517911], [-38.819769556559415, -3.639124283491641], [-38.81976957453798, -3.639033814465188], [-38.81976959251608, -3.638943345438553], [-38.81976961049374, -3.638852876411737], [-38.81976962847095, -3.63876240738474], [-38.81976964644771, -3.6386719383575588], [-38.81976966442402, -3.638581469330197], [-38.81976968239988, -3.638491000302654], [-38.81976970037529, -3.638400531274929], [-38.819769718350244, -3.6383100622470206], [-38.81976973632476, -3.638219593218932], [-38.81976975429881, -3.638129124190661], [-38.81976977227243, -3.6380386551622097], [-38.81976979024558, -3.637948186133574], [-38.8197698082183, -3.637857717104759], [-38.81976982619055, -3.6377672480757615], [-38.819769844162366, -3.6376767790465823], [-38.81976986213372, -3.6375863100172205], [-38.81976988010463, -3.6374958409876776], [-38.819769898075094, -3.6374053719579527], [-38.819769916045104, -3.637314902928046], [-38.819769934014666, -3.6372244338979582], [-38.81976995198377, -3.637133964867689], [-38.81976996995243, -3.6370434958372373], [-38.819769987920644, -3.6369530268066033], [-38.81977000588841, -3.636862557775789], [-38.81977002385572, -3.6367720887447925], [-38.81977004182257, -3.6366816197136136], [-38.819770059788986, -3.636591150682253], [-38.819770077754946, -3.6365006816507113], [-38.81977009572046, -3.636410212618988], [-38.819770113685514, -3.636319743587083], [-38.819770131650124, -3.636229274554996], [-38.819770149614286, -3.636138805522727], [-38.819770167578, -3.636048336490277], [-38.81977018554126, -3.635957867457646], [-38.81977020350406, -3.635867398424832], [-38.819770221466435, -3.6357769293918367], [-38.81981525397204, -3.635731703897186], [-38.81986028647316, -3.6356864784000114], [-38.819860304425646, -3.635596009366202], [-38.819860322377686, -3.6355055403322125], [-38.8199053548649, -3.635460314831882], [-38.819950387347625, -3.6354150893290282], [-38.81995040528979, -3.6353246202942247], [-38.81995042323151, -3.635234151259239], [-38.81995044117277, -3.635143682224073], [-38.81999547363687, -3.6350984567177473], [-38.8200405060965, -3.635053231208896], [-38.820040524027895, -3.6349627621729166], [-38.82004054195883, -3.634872293136756], [-38.820040559889335, -3.634781824100414], [-38.82004057781938, -3.634691355063888], [-38.820085610255674, -3.634646129551253], [-38.82013064268748, -3.6346009040360947], [-38.82013066060765, -3.634510434998757], [-38.820130678527384, -3.6344199659612384], [-38.82013069644666, -3.634329496923538], [-38.8201307143655, -3.6342390278856564], [-38.82017574677398, -3.634193802366712], [-38.820220779177966, -3.634148576845245], [-38.82022079708693, -3.6340581078065517], [-38.820220814995444, -3.633967638767676], [-38.82022083290351, -3.6338771697286183], [-38.820220850811126, -3.6337867006893796], [-38.820220868718295, -3.6336962316499597], [-38.82022088662501, -3.633605762610358], [-38.82026591899626, -3.6335605370844744], [-38.82031095136304, -3.6335153115560708], [-38.820310969259886, -3.633424842515657], [-38.82031098715629, -3.6333343734750616], [-38.82031100505225, -3.633243904434286], [-38.82031102294775, -3.6331534353933272], [-38.82031104084281, -3.6330629663521865], [-38.82031105873742, -3.632972497310865], [-38.82031107663158, -3.632882028269362], [-38.820311094525294, -3.632791559227677], [-38.82031111241855, -3.632701090185811], [-38.82031113031137, -3.6326106211437637], [-38.820311148203736, -3.632520152101535], [-38.82031116609566, -3.6324296830591245], [-38.82031118398712, -3.6323392140165316], [-38.82031120187814, -3.632248744973759], [-38.82031121976872, -3.6321582759308026], [-38.82031123765884, -3.6320678068876675], [-38.82031125554852, -3.631977337844349], [-38.82031127343774, -3.63188686880085], [-38.82031129132652, -3.6317963997571687], [-38.820311309214844, -3.631705930713307], [-38.82031132710273, -3.631615461669264], [-38.82031134499016, -3.6315249926250384], [-38.82031136287715, -3.6314345235806313], [-38.82031138076368, -3.6313440545360436], [-38.82031139864977, -3.6312535854912737], [-38.820311416535404, -3.6311631164463236], [-38.820311434420596, -3.6310726474011905], [-38.82031145230533, -3.6309821783558767], [-38.82031147018962, -3.630891709310381], [-38.820311488073465, -3.6308012402647063], [-38.82031150595686, -3.6307107712188467], [-38.82031152383981, -3.630620302172808], [-38.820311541722305, -3.630529833126587], [-38.820311559604356, -3.6304393640801846], [-38.82031157748596, -3.6303488950336016], [-38.82031159536711, -3.630258425986836], [-38.820266581055186, -3.6302131824799564], [-38.82022156674774, -3.630167938971005], [-38.820221584636954, -3.6300774699243252], [-38.82022160252572, -3.629987000877466], [-38.82022162041404, -3.6298965318304246], [-38.8202216383019, -3.629806062783202], [-38.820221656189325, -3.629715593735798], [-38.82022167407629, -3.6296251246882125], [-38.82017665979886, -3.629579881177993], [-38.82013164552591, -3.6295346376657016], [-38.82013166342094, -3.6294441686182033], [-38.82013168131552, -3.6293536995705225], [-38.82013169920966, -3.6292632305226618], [-38.820131717103344, -3.629172761474617], [-38.82008670285189, -3.629127517960793], [-38.82004168860491, -3.6290822744448965], [-38.82004170650666, -3.62899180539694], [-38.82004172440795, -3.628901336348804], [-38.82004174230879, -3.6288108673004835], [-38.820041760209186, -3.628720398251984], [-38.81999674598371, -3.628675154734555], [-38.8199517317627, -3.628629911215054], [-38.81995174967116, -3.628539442166641], [-38.81995176757916, -3.6284489731180476], [-38.819951785486715, -3.628358504069271], [-38.81990677128295, -3.628313260548104], [-38.819861757083665, -3.6282680170248676], [-38.81986177499927, -3.628177547976178], [-38.81986179291444, -3.6280870789273085], [-38.819861810829146, -3.6279966098782586], [-38.819816796647096, -3.6279513663533534], [-38.81977178246952, -3.627906122826382], [-38.81977180039229, -3.6278156537774193], [-38.8197718183146, -3.627725184728274], [-38.81972680415001, -3.6276799411994998], [-38.81968178998989, -3.627634697668658], [-38.81968180792026, -3.6275442286196], [-38.8197268400018, -3.6274990031009353], [-38.819816886235174, -3.6274990211060523], [-38.81986191830798, -3.6274537955801467], [-38.81990695037631, -3.6274085700517196], [-38.81995198244016, -3.6273633445207745], [-38.81999701449954, -3.627318118987311], [-38.820087060716354, -3.6273181369645413], [-38.820132092767004, -3.627272911423836], [-38.82017712481318, -3.6272276858806127], [-38.82022215685487, -3.6271824603348697], [-38.82026718889209, -3.6271372347866073], [-38.820357235092345, -3.6271372527359547], [-38.82040226712083, -3.6270920271804545], [-38.820447299144845, -3.627046801622434], [-38.820537345337044, -3.6270468195533443], [-38.82058237735233, -3.6270015939880835], [-38.82062740936315, -3.626956368420307], [-38.820672441369474, -3.6269111428500125], [-38.82071747337133, -3.6268659172771995], [-38.820807519546975, -3.62686593518023], [-38.8208525515401, -3.626820709600177], [-38.820897583528755, -3.626775484017609], [-38.820942615512934, -3.6267302584325214], [-38.820987647492636, -3.626685032844918], [-38.8210776936517, -3.6266850507200723], [-38.82112272562268, -3.626639825125229], [-38.82116775758917, -3.6265945995278703], [-38.821257803740195, -3.6265946173845904], [-38.82130283569796, -3.626549391779996], [-38.821347867651255, -3.626504166172884], [-38.82139289960008, -3.626458940563253], [-38.821437931544416, -3.626413714951107], [-38.82152797767887, -3.626413732779955], [-38.82157300961448, -3.6263685071605742], [-38.82161804154562, -3.6263232815386757], [-38.82166307347228, -3.6262780559142613], [-38.82170810539447, -3.62623283028733], [-38.82179815151236, -3.6262328480883093], [-38.82184318342582, -3.626187622454145], [-38.8218882153348, -3.6261423968174626], [-38.821933247239315, -3.626097171178265], [-38.82197827913935, -3.6260519455365494], [-38.82206832524067, -3.6260519633096617], [-38.822113357131975, -3.626006737660717], [-38.82215838901881, -3.6259615120092543], [-38.822248435112066, -3.6259615297639383], [-38.822293466990175, -3.6259163041052425], [-38.8223384988638, -3.625871078444031], [-38.82238353073296, -3.625825852780306], [-38.822428562597636, -3.625780627114065], [-38.82251860867432, -3.6257806448408862], [-38.82256364053028, -3.625735419167413], [-38.822608672381755, -3.6256901934914234], [-38.822653704228756, -3.6256449678129217], [-38.82269873607128, -3.6255997421319055], [-38.822788782131404, -3.625599759830867], [-38.822833813965204, -3.6255545341426183], [-38.822878845794534, -3.6255093084518544], [-38.822968891846585, -3.625509326132392], [-38.82301392366719, -3.6254641004343977], [-38.82305895548331, -3.6254188747338914], [-38.823103987294964, -3.6253736490308697], [-38.82314901910214, -3.6253284233253344], [-38.82323906513762, -3.6253284409780164], [-38.823284096936064, -3.6252832152652523], [-38.823329128730045, -3.625237989549975], [-38.82337416051954, -3.6251927638321813], [-38.82341919230456, -3.6251475381118765], [-38.82350923832348, -3.6251475557367057], [-38.823554270099784, -3.6251023300091716], [-38.8235993018716, -3.625057104279126], [-38.82368934788244, -3.6250571218855354], [-38.82373437964554, -3.6250118961482607], [-38.823779411404175, -3.624966670408472], [-38.82382444315832, -3.624921444666171], [-38.823869474907994, -3.624876218921361], [-38.823959520902264, -3.624876236499921], [-38.82400455264322, -3.62483101074788], [-38.82404958437969, -3.624785784993328], [-38.824094616111694, -3.6247405592362614], [-38.82413964783922, -3.6246953334766863], [-38.82422969381692, -3.6246953510274014], [-38.824274725535716, -3.624650125260599], [-38.824319757250045, -3.624604899491284], [-38.82440980321967, -3.6246049170235817], [-38.82445483492527, -3.6245596912470415], [-38.8244998666264, -3.6245144654679904], [-38.824544898323055, -3.624469239686428], [-38.82458993001523, -3.6244240139023525], [-38.82467997596828, -3.6244240314068095], [-38.824725007651736, -3.6243788056155117], [-38.824770039330716, -3.624333579821702], [-38.824815071005226, -3.6242883540253796], [-38.82486010267526, -3.6242431282265475], [-38.824950148611734, -3.624243145703166], [-38.82499518027304, -3.6241979198971106], [-38.82504021192987, -3.6241526940885436], [-38.82508524358224, -3.6241074682774683], [-38.82513027523013, -3.6240622424638804], [-38.82522032115001, -3.6240622599126624], [-38.82526535278918, -3.624017034091853], [-38.825310384423865, -3.6239718082685317], [-38.825400430335684, -3.623971825698903], [-38.82544546196165, -3.6239265998683634], [-38.825490493583146, -3.623881374035312], [-38.82553552520016, -3.6238361481997496], [-38.82558055681271, -3.6237909223616778], [-38.825625588420785, -3.6237456965210986], [-38.825625605741486, -3.623655227435014], [-38.82558059146305, -3.6236099841899456], [-38.82553557718909, -3.6235647409428053], [-38.825535594517866, -3.623474271856795], [-38.825490580252634, -3.623429028607706], [-38.82544556599188, -3.6233837853565447], [-38.82540055173558, -3.6233385421033106], [-38.82535553748376, -3.6232932988480013], [-38.82531052323642, -3.623248055590619], [-38.825265508993546, -3.6232028123311646], [-38.82522049475514, -3.6231575690696363], [-38.82513044892469, -3.623157551625221], [-38.825085417323706, -3.6232027774418976], [-38.825040385718246, -3.6232480032560637], [-38.82495033987972, -3.623247985793242], [-38.82486029404165, -3.6232479683214347], [-38.824815262423215, -3.6232931941236695], [-38.8247702308003, -3.6233384199233942], [-38.82468018495415, -3.623338402433179], [-38.82463515332252, -3.62338362822568], [-38.82459012168641, -3.6234288540156707], [-38.82450007583219, -3.6234288365070464], [-38.82441002997842, -3.6234288189894373], [-38.82436499832934, -3.623474044767495], [-38.82431996667578, -3.6235192705430403], [-38.82422992081394, -3.6235192530070215], [-38.82413987495253, -3.6235192354620156], [-38.824094843286, -3.623564461225625], [-38.824049811615, -3.623609686986721], [-38.82395976574553, -3.6236096694233044], [-38.823914734065795, -3.6236548951771783], [-38.8238697023816, -3.6237001209285404], [-38.823779656504065, -3.6237001033467116], [-38.823689610626964, -3.623700085755897], [-38.82364457892979, -3.623745311495322], [-38.823599547228135, -3.623790537232231], [-38.82350950134298, -3.623790519623003], [-38.82346446963261, -3.6238357453526895], [-38.823419437917764, -3.6238809710798634], [-38.823374406198454, -3.623926196804524], [-38.82332937447466, -3.62397142252667], [-38.82323932857293, -3.6239714048896], [-38.82314928267164, -3.623971387243542], [-38.82310425093488, -3.624016612953752], [-38.823059219193645, -3.624061838661445], [-38.8229691732843, -3.624061820996972], [-38.82287912737539, -3.6240618033235124], [-38.82278908146692, -3.6240617856410644], [-38.8226990355589, -3.6240617679496303], [-38.82265400379618, -3.6241069936359516], [-38.822608972028995, -3.624152219319759], [-38.822563957884356, -3.624106975930815], [-38.822563975510924, -3.624016506860395], [-38.82251896137501, -3.623971263469509], [-38.82242891547726, -3.6239712457515565], [-38.82233886957995, -3.623971228024617], [-38.82224882368309, -3.6239712102886914], [-38.82215877778667, -3.623971192543778], [-38.822068731890695, -3.623971174789878], [-38.82197868599516, -3.6239711570269906], [-38.82188864010008, -3.6239711392551173], [-38.8218436083038, -3.624016364899314], [-38.82184359060567, -3.6241068339661804], [-38.821888604712754, -3.6241520773892977], [-38.82193361882432, -3.6241973208103464], [-38.82193360113423, -3.6242877898772967], [-38.821978615254515, -3.624333033296407], [-38.822023629379274, -3.6243782767134474], [-38.82197859756825, -3.6244235023633067], [-38.82188855162843, -3.624423484589209], [-38.82179850568907, -3.6244234668061233], [-38.82175347386506, -3.6244686924440375], [-38.82170844203659, -3.624513918079435], [-38.821618396089164, -3.6245139002779276], [-38.82152835014218, -3.624513882467432], [-38.82148331830073, -3.62455910809088], [-38.82143828645481, -3.624604333711814], [-38.82134824049977, -3.624604315882896], [-38.821303208645126, -3.624649541496598], [-38.82125817678601, -3.6246947671077825], [-38.82116813082291, -3.624694749260441], [-38.821078084860275, -3.6246947314041105], [-38.821033052988184, -3.6247399570033427], [-38.82098802111162, -3.6247851826000623], [-38.820897975140916, -3.6247851647253078], [-38.82080792917067, -3.624785146841564], [-38.82076289728113, -3.624830372426329], [-38.82071786538712, -3.62487559800858], [-38.82062781940881, -3.6248755801064103], [-38.82053777343096, -3.624875562195251], [-38.82049274152397, -3.624920787765544], [-38.820447709612516, -3.624966013333323], [-38.82035766362661, -3.6249659954037368], [-38.82026761764116, -3.624965977465162], [-38.82022258571672, -3.625011203020987], [-38.820177553787815, -3.6250564285742928], [-38.82008750779431, -3.6250564106172893], [-38.81999746180126, -3.6250563926512966], [-38.81995242985937, -3.625101618192645], [-38.81990739791302, -3.6251468437314776], [-38.819817351911915, -3.625146825747056], [-38.81977231995684, -3.6251920512786504], [-38.81972728799729, -3.625237276807729], [-38.81963724198814, -3.625237258804878], [-38.81954719597944, -3.6252372407930356], [-38.819502181943484, -3.6251919972572852], [-38.819502199879594, -3.6251015282042376], [-38.819502217815256, -3.6250110591510105], [-38.81950223575047, -3.6249205900975987], [-38.81950225368523, -3.6248301210440093], [-38.81950227161955, -3.624739651990236], [-38.819502289553405, -3.624649182936285], [-38.819502307486815, -3.6245587138821493], [-38.819502325419776, -3.6244682448278347], [-38.81950234335228, -3.624377775773338], [-38.81950236128434, -3.62428730671866], [-38.81950237921595, -3.6241968376638014], [-38.81950239714711, -3.6241063686087625], [-38.819502415077814, -3.6240158995535423], [-38.819502433008076, -3.62392543049814], [-38.819502450937875, -3.623834961442557], [-38.81950246886723, -3.623744492386794], [-38.81950248679614, -3.6236540233308476], [-38.819502504724596, -3.6235635542747224], [-38.81950252265259, -3.623473085218415], [-38.819502540580146, -3.6233826161619267], [-38.81950255850725, -3.623292147105258], [-38.819502576433905, -3.6232016780484075], [-38.8195025943601, -3.623111208991376], [-38.81950261228585, -3.623020739934164], [-38.819502630211154, -3.6229302708767714], [-38.819502648136, -3.6228398018191967], [-38.8195026660604, -3.6227493327614417], [-38.81950268398435, -3.622658863703504], [-38.819502701907844, -3.622568394645388], [-38.81950271983089, -3.622477925587089], [-38.819502737753496, -3.6223874565286107], [-38.819502755675636, -3.6222969874699498], [-38.819502773597335, -3.6222065184111094], [-38.81950279151857, -3.6221160493520865], [-38.81950280943937, -3.622025580292883], [-38.81950282735972, -3.621935111233499], [-38.81950284527961, -3.6218446421739343], [-38.819502863199055, -3.621754173114187], [-38.81950288111805, -3.6216637040542614], [-38.819502899036586, -3.6215732349941536], [-38.819502916954676, -3.6214827659338633], [-38.81950293487231, -3.6213922968733945], [-38.819502952789506, -3.6213018278127436], [-38.81950297070624, -3.621211358751913], [-38.81950298862254, -3.6211208896909], [-38.819457974782125, -3.6210756461591567], [-38.81941296094618, -3.6210304026253493], [-38.81941297887051, -3.620939933564426], [-38.81941299679438, -3.620849464503322], [-38.8194130147178, -3.6207589954420363], [-38.819413032640774, -3.62066852638057], [-38.8194130505633, -3.620578057318923], [-38.81941306848537, -3.620487588257095], [-38.81941308640699, -3.6203971191950868], [-38.819413104328156, -3.620306650132896], [-38.819413122248875, -3.6202161810705262], [-38.81941314016915, -3.6201257120079733], [-38.81941315808896, -3.620035242945242], [-38.81941317600833, -3.6199447738823274], [-38.81941319392725, -3.6198543048192326], [-38.819413211845706, -3.6197638357559594], [-38.81941322976372, -3.619673366692503], [-38.81941324768128, -3.6195828976288653], [-38.8194132655984, -3.619492428565048], [-38.81941328351506, -3.6194019595010505], [-38.819413301431275, -3.6193114904368695], [-38.81941331934703, -3.619221021372509], [-38.81941333726234, -3.6191305523079693], [-38.8194133551772, -3.619040083243247], [-38.819413373091606, -3.6189496141783453], [-38.81941339100556, -3.6188591451132615], [-38.81941340891907, -3.618768676047998], [-38.81941342683212, -3.618678206982553], [-38.819413444744725, -3.6185877379169265], [-38.819413462656875, -3.6184972688511197], [-38.81941348056858, -3.6184067997851326], [-38.81945851218852, -3.618361574248719], [-38.81954855751737, -3.618361592235285], [-38.81963860284668, -3.618361610212878], [-38.81972864817644, -3.618361628181499], [-38.81981869350663, -3.618361646141146], [-38.81990873883729, -3.6183616640918204], [-38.8199987841684, -3.618361682033522], [-38.820088829499944, -3.61836169996625], [-38.82017887483195, -3.618361717890006], [-38.8202239064135, -3.6183164923133866], [-38.82026893799058, -3.6182712667342543], [-38.820358983314556, -3.6182712846396154], [-38.82044902863897, -3.6182713025360034], [-38.820539073963836, -3.618271320423419], [-38.82062911928915, -3.6182713383018617], [-38.82071916461491, -3.6182713561713307], [-38.82080920994112, -3.6182713740318286], [-38.820899255267776, -3.6182713918833525], [-38.82098930059488, -3.6182714097259048], [-38.82107934592243, -3.6182714275594834], [-38.82116939125043, -3.61827144538409], [-38.82125943657887, -3.618271463199724], [-38.82130446810483, -3.6182262375662666], [-38.82130448582764, -3.6181357684903133], [-38.82130450355, -3.618045299414181], [-38.82130452127192, -3.6179548303378657], [-38.821304538993395, -3.6178643612613706], [-38.8212595252119, -3.6178191178197197], [-38.821214511434874, -3.617773874376002], [-38.82121452916438, -3.6176834052995916], [-38.821214546893444, -3.617592936223], [-38.82121456462206, -3.617502467146229], [-38.82121458235023, -3.6174119980692763], [-38.82121460007796, -3.617321528992143], [-38.82121461780523, -3.617231059914829], [-38.821214635532066, -3.6171405908373337], [-38.82121465325845, -3.617050121759658], [-38.82116963951981, -3.617004878314941], [-38.82112462578564, -3.61695963486816], [-38.82112464352006, -3.616869165790569], [-38.82112466125403, -3.6167786967127986], [-38.82112467898756, -3.6166882276348455], [-38.821124696720645, -3.616597758556714], [-38.821124714453276, -3.6165072894784007], [-38.82112473218546, -3.6164168203999076], [-38.82112474991721, -3.6163263513212325], [-38.8211247676485, -3.6162358822423775], [-38.82107975395271, -3.616190638794596], [-38.82103474026138, -3.616145395344752], [-38.82103475800071, -3.6160549262659814], [-38.82103477573959, -3.6159644571870317], [-38.82103479347802, -3.615873988107901], [-38.82103481121601, -3.6157835190285876], [-38.82103482895355, -3.615693049949096], [-38.821034846690644, -3.6156025808694237], [-38.82103486442729, -3.6155121117895708], [-38.82103488216349, -3.615421642709536], [-38.82098986851054, -3.615376399258693], [-38.82094485486205, -3.6153311558057877], [-38.82094487260627, -3.61524068672584], [-38.820944890350056, -3.6151502176457107], [-38.820944908093395, -3.6150597485654017], [-38.82094492583628, -3.61496927948491], [-38.82094494357872, -3.6148788104042398], [-38.82094496132072, -3.6147883413233877], [-38.82094497906227, -3.614697872242357], [-38.82094499680336, -3.614607403161143], [-38.820899983193236, -3.6145621597072415], [-38.82085496958757, -3.614516916251279], [-38.820854987336695, -3.6144264471701515], [-38.820855005085384, -3.614335978088845], [-38.82085502283361, -3.6142455090073566], [-38.820810009245115, -3.614200265549732], [-38.82071996432056, -3.6142002477093813], [-38.82062991939645, -3.6142002298600686], [-38.82053987447279, -3.6142002120017933], [-38.82044982954958, -3.614200194134555], [-38.82035978462682, -3.614200176258355], [-38.82026973970451, -3.6142001583731918], [-38.82017969478264, -3.614200140479066], [-38.820089649861224, -3.614200122575978], [-38.81999960494025, -3.6142001046639267], [-38.81995457356138, -3.614245330243108], [-38.81990954217805, -3.6142905558197804], [-38.81986452863663, -3.6142453123173888], [-38.81986454648254, -3.614154843240657], [-38.81986456432801, -3.6140643741637426], [-38.819864582173025, -3.6139739050866497], [-38.81986460001758, -3.6138834360093757], [-38.8198646178617, -3.6137929669319218], [-38.819864635705365, -3.6137024978542858], [-38.81986465354858, -3.6136120287764717], [-38.81986467139134, -3.6135215596984738], [-38.81986468923366, -3.6134310906202973], [-38.819819675734806, -3.613385847117058], [-38.81977466224041, -3.6133406036117592], [-38.81977468009075, -3.6132501345336703], [-38.81977469794063, -3.613159665455402], [-38.81977471579007, -3.6130691963769532], [-38.81977473363906, -3.6129787272983243], [-38.81977475148759, -3.612888258219514], [-38.81977476933567, -3.6127977891405236], [-38.81977478718331, -3.6127073200613533], [-38.81972977372302, -3.6126620765549373], [-38.81968476026718, -3.612616833046461], [-38.81968477812283, -3.6125263639673806], [-38.819684795978034, -3.612435894888118], [-38.81968481383278, -3.6123454258086745], [-38.819684831687084, -3.612254956729052], [-38.81968484954094, -3.612164487649248], [-38.819684867394336, -3.6120740185692637], [-38.81968488524729, -3.611983549489099], [-38.81963987182554, -3.611938305979509], [-38.81959485840825, -3.611893062467861], [-38.819594876269214, -3.611802593387785], [-38.819594894129736, -3.61171212430753], [-38.819594911989796, -3.6116216552270943], [-38.81959492984941, -3.6115311861464776], [-38.81959494770857, -3.6114407170656815], [-38.81959496556729, -3.611350247984703], [-38.81959498342555, -3.6112597789035465], [-38.819549970042345, -3.611214535390783], [-38.81950495666359, -3.611169291875963], [-38.81950497452987, -3.611078822794896], [-38.81950499239569, -3.6109883537136467], [-38.81950501026107, -3.6108978846322186], [-38.819505028125995, -3.6108074155506094], [-38.81950504599047, -3.61071694646882], [-38.81950506385449, -3.6106264773868504], [-38.81950508171806, -3.6105360083046993], [-38.81946006837338, -3.6104907647887674], [-38.819415055033154, -3.6104455212707753], [-38.81941507290474, -3.6103550521887158], [-38.81941509077587, -3.610264583106476], [-38.81941510864655, -3.610174114024054], [-38.81941512651678, -3.610083644941453], [-38.81941514438657, -3.609993175858672], [-38.81941516225589, -3.6099027067757095], [-38.81941518012477, -3.6098122376925668], [-38.81937016681861, -3.6097669941734662], [-38.8193251535169, -3.6097217506523096], [-38.819325171393785, -3.6096312815692553], [-38.819325189270224, -3.6095408124860247], [-38.81932520714621, -3.609450343402612], [-38.819325225021736, -3.60935987431902], [-38.819325242896824, -3.6092694052352443], [-38.81932526077145, -3.6091789361512934], [-38.81928024749957, -3.6091336926288897], [-38.819235234232146, -3.60908844910443], [-38.81923525211478, -3.6089979800205674], [-38.819235269996966, -3.608907510936524], [-38.819235287878705, -3.6088170418523005], [-38.81923530575999, -3.608726572767897], [-38.81923532364082, -3.608636103683313], [-38.8192353415212, -3.608545634598548], [-38.819235359401134, -3.6084551655136035], [-38.81919034616775, -3.608409921988038], [-38.81914533293883, -3.608364678460414], [-38.819145350826766, -3.6082742093755606], [-38.819145368714246, -3.6081837402905266], [-38.81914538660128, -3.608093271205312], [-38.819145404487855, -3.608002802119918], [-38.819145422373985, -3.6079123330343417], [-38.81914544025966, -3.607821863948588], [-38.81914545814488, -3.6077313948626517], [-38.819145476029654, -3.607640925776538], [-38.819100462838996, -3.6075956822479442], [-38.819055449652794, -3.6075504387172956], [-38.819055467545574, -3.6074599696312712], [-38.81905548543789, -3.6073695005450666], [-38.819055503329764, -3.6072790314586816], [-38.81905552122119, -3.6071885623721163], [-38.819055539112156, -3.607098093285372], [-38.81905555700266, -3.607007624198447], [-38.81905557489273, -3.6069171551113413], [-38.81901056174056, -3.606871911579589], [-38.81896554859284, -3.606826668045779], [-38.8189655664909, -3.606736198958765], [-38.818965584388515, -3.606645729871572], [-38.81896560228567, -3.606555260784197], [-38.81896562018238, -3.6064647916966424], [-38.81896563807864, -3.6063743226089082], [-38.818965655974445, -3.6062838535209942], [-38.8189656738698, -3.6061933844328973], [-38.81892066075609, -3.6061481408979863], [-38.81887564764685, -3.606102897361021], [-38.818875665550195, -3.606012428273018], [-38.81887568345309, -3.6059219591848337], [-38.81887570135554, -3.6058314900964707], [-38.818875719257534, -3.6057410210079275], [-38.8189207502472, -3.6056957954554893], [-38.819010794325216, -3.605695813432584], [-38.81910083840369, -3.6056958314007375], [-38.819190882482616, -3.6056958493599494], [-38.819280926561994, -3.60569586731022], [-38.81937097064181, -3.605695885251549], [-38.819461014722094, -3.605695903183936], [-38.81955105880282, -3.605695921107382], [-38.819641102884, -3.6056959390218872], [-38.81973114696563, -3.6056959569274505], [-38.81982119104771, -3.6056959748240716], [-38.81986622199068, -3.6056507492221637], [-38.81986623979388, -3.6055602801282958], [-38.81986625759663, -3.605469811034249], [-38.81986627539892, -3.6053793419400213], [-38.819866293200775, -3.6052888728456143], [-38.819866311002166, -3.605198403751026], [-38.81986632880312, -3.6051079346562593], [-38.8199113597136, -3.6050627090499545], [-38.81995637282803, -3.605107952536544], [-38.819956355035984, -3.6051984216317616], [-38.81995633724348, -3.6052888907267993], [-38.82000135037081, -3.6053341342116023], [-38.820046363502584, -3.605379377694351], [-38.82004634571809, -3.6054698467894775], [-38.82004632793314, -3.6055603158844236], [-38.82009134107782, -3.605605559365387], [-38.820136354226946, -3.6056508028442935], [-38.82013633645, -3.6057412719393285], [-38.820136318672596, -3.6058317410341836], [-38.820181331834625, -3.605876984511304], [-38.8202263450011, -3.6059222279863663], [-38.82022632723171, -3.606012697081312], [-38.820226309461866, -3.606103166176076], [-38.82027132264124, -3.606148409649352], [-38.82031633582507, -3.6061936531205734], [-38.82031631806323, -3.606284122215427], [-38.820316300300945, -3.606374591310099], [-38.82036131349768, -3.606419834779532], [-38.82040632669885, -3.606465078246907], [-38.82040630894457, -3.606555547341669], [-38.82040629118983, -3.60664601643625], [-38.820451304403925, -3.606691259901838], [-38.82049631762246, -3.6067365033653687], [-38.820496299875735, -3.606826972460037], [-38.82049628212856, -3.6069174415545264], [-38.82054129536, -3.606962685016269], [-38.8205863085959, -3.607007928475955], [-38.82058629085673, -3.607098397570531], [-38.82058627311711, -3.607188866664926], [-38.820631286365916, -3.6072341101228225], [-38.820676299619166, -3.607279353578661], [-38.82072131287687, -3.607324597032442], [-38.82076632613902, -3.6073698404841665], [-38.82081133940563, -3.6074150839338333], [-38.82085635267669, -3.607460327381441], [-38.8209013659522, -3.6075055708269907], [-38.82094637923217, -3.607550814270484], [-38.82099139251658, -3.607596057711919], [-38.82103640580545, -3.6076413011512964], [-38.821036388107665, -3.6077317702468474], [-38.821081401405216, -3.6077770136843], [-38.821126414707216, -3.607822257119694], [-38.82117142801367, -3.6078675005530285], [-38.82121644132458, -3.6079127439843055], [-38.82126145463993, -3.607957987413525], [-38.821306467959744, -3.608003230840684], [-38.821351481284005, -3.608048474265785], [-38.82139649461272, -3.6080937176888273], [-38.82144150794589, -3.6081389611098107], [-38.82148652128351, -3.6081842045287353], [-38.821531534625585, -3.6082294479456016], [-38.821576547972114, -3.608274691360407], [-38.82157653032464, -3.6083651604573768], [-38.82162154367985, -3.6084104038702565], [-38.821666557039514, -3.608455647281077], [-38.82171157040363, -3.608500890689838], [-38.8217565837722, -3.608546134096539], [-38.821801597145225, -3.6085913775011824], [-38.8218466105227, -3.6086366209037637], [-38.82189162390463, -3.6086818643042857], [-38.82193663729101, -3.608727107702749], [-38.82193661967694, -3.6088175768005972], [-38.82198163307201, -3.6088628201971322], [-38.82202664647153, -3.6089080635916075], [-38.822071659875505, -3.6089533069840227], [-38.82211667328394, -3.608998550374377], [-38.822161686696816, -3.609043793762671], [-38.82220670011415, -3.6090890371489044], [-38.82225171353595, -3.6091342805330773], [-38.82229672696219, -3.6091795239151914], [-38.82229670938153, -3.6092699930139136], [-38.82234172281646, -3.6093152363940986], [-38.822386736255844, -3.609360479772221], [-38.82243174969969, -3.609405723148283], [-38.82247676314798, -3.6094509665222843], [-38.822476745583806, -3.6095414356213547], [-38.82252175904079, -3.609586678993426], [-38.82256677250223, -3.609631922363435], [-38.822611785968114, -3.6096771657313855], [-38.822656799438455, -3.609722409097273], [-38.82270181291326, -3.609767652461098], [-38.82274682639251, -3.6098128958228624], [-38.8227468088533, -3.6099033649225416], [-38.822791822341244, -3.6099486082823766], [-38.82283683583364, -3.6099938516401484], [-38.82288184933049, -3.6100390949958574], [-38.82292686283181, -3.610084338349507], [-38.82292684530908, -3.610174807449529], [-38.82297185881907, -3.6102200508012463], [-38.82301687233353, -3.610265294150902], [-38.82306188585244, -3.610310537498496], [-38.8231068993758, -3.610355780844026], [-38.82310688186958, -3.61044624994439], [-38.82315189540163, -3.610491493287991], [-38.823196908938144, -3.610536736629527], [-38.823241922479106, -3.610581979968999], [-38.82328693602452, -3.610627223306412], [-38.823286918534805, -3.6107176924071185], [-38.82333193208891, -3.6107629357425974], [-38.82337694564748, -3.6108081790760136], [-38.823376928165786, -3.6108986481768017], [-38.82342194173305, -3.6109438915082834], [-38.82346695530476, -3.610989134837704], [-38.82351196888094, -3.6110343781650602], [-38.82355698246157, -3.6110796214903536], [-38.82355696499638, -3.611170090591482], [-38.8236019785857, -3.6112153339148407], [-38.82364699217948, -3.611260577236138], [-38.823646974722315, -3.611351046337345], [-38.82369198832478, -3.6113962896567076], [-38.82373700193172, -3.6114415329740077], [-38.823782015543095, -3.611486776289243], [-38.82382702915894, -3.611532019602412], [-38.82382701171829, -3.611622488703961], [-38.82387202534283, -3.611667732015198], [-38.82391703897182, -3.6117129753243695], [-38.8239170215392, -3.611803444425995], [-38.82396203517689, -3.6118486877332345], [-38.82400704881904, -3.611893931038407], [-38.82400703139445, -3.611984400140112], [-38.8240520450453, -3.6120296434433516], [-38.824097058700595, -3.612074886744524], [-38.82409704128405, -3.612165355846308], [-38.82414205494805, -3.612210599145548], [-38.824187068616496, -3.61225584244272], [-38.824187051207986, -3.6123463115445813], [-38.82423206488514, -3.6123915548398204], [-38.82427707856675, -3.6124367981329923], [-38.824322092252814, -3.6124820414240997], [-38.82436710594333, -3.612527284713143], [-38.82436708855134, -3.61261775381534], [-38.82441210225056, -3.612662997102446], [-38.824457115954246, -3.612708240387487], [-38.82445709857029, -3.612798709489763], [-38.824502112282666, -3.6128439527728657], [-38.8245471259995, -3.612889196053904], [-38.82454710862359, -3.6129796651562587], [-38.82454709124725, -3.613070134258431], [-38.824592104977015, -3.61311537753766], [-38.82463711871126, -3.6131606208148246], [-38.824637101342944, -3.613251089917075], [-38.824682115085885, -3.6132963331923], [-38.82472712883327, -3.613341576465462], [-38.82472711147301, -3.6134320455677886], [-38.824772125229096, -3.613477288839011], [-38.82481713898965, -3.613522532108166], [-38.82481712163743, -3.6136130012105716], [-38.82486213540668, -3.6136582444777874], [-38.82490714918039, -3.613703487742939], [-38.82490713183621, -3.61379395684542], [-38.824952145618624, -3.6138392001086315], [-38.824997159405505, -3.613884443369777], [-38.82499714206937, -3.6139749124723344], [-38.82499712473281, -3.614065381574709], [-38.82504213853262, -3.6141106248340447], [-38.8250871523369, -3.6141558680913133], [-38.82508713500838, -3.614246337193764], [-38.82513214882135, -3.6142915804490934], [-38.825177162638795, -3.6143368237023545], [-38.82517714531832, -3.6144272928048813], [-38.82522215914446, -3.614472536056204], [-38.82526717297507, -3.6145177793054586], [-38.82526715566264, -3.61460824840806], [-38.82526713834979, -3.6146987175104837], [-38.82531215219333, -3.6147439607579255], [-38.82535716604134, -3.6147892040032987], [-38.82535714873653, -3.614879673105796], [-38.82540216259324, -3.6149249163492296], [-38.82544717645442, -3.6149701595905954], [-38.82544715915766, -3.6150606286931684], [-38.825447141860465, -3.6151510977955597], [-38.82549215573459, -3.6151963410351122], [-38.82553716961317, -3.615241584272597], [-38.82553715232403, -3.615332053375063], [-38.82553713503445, -3.615422522477348], [-38.82558214892599, -3.6154677657130194], [-38.82562716282198, -3.615513008946622], [-38.82562714554046, -3.6156034780489814], [-38.825627128258496, -3.61569394715116], [-38.82567214216744, -3.6157391903829486], [-38.82571715608085, -3.615784433612667], [-38.825717138806944, -3.6158749027149213], [-38.8257171215326, -3.6159653718169946], [-38.825762135458966, -3.6160106150448987], [-38.82580714938979, -3.616055858270734], [-38.82580713212351, -3.616146327372881], [-38.82580711485678, -3.616236796474847], [-38.825852128800555, -3.6162820396988673], [-38.825897142748794, -3.616327282920817], [-38.82589712549013, -3.6164177520228584], [-38.82589710823104, -3.616508221124717], [-38.82594212219223, -3.6165534643448507], [-38.825987136157885, -3.616598707562917], [-38.825987118906845, -3.616689176664848], [-38.825987101655365, -3.6167796457666017], [-38.82598708440346, -3.616870114868172], [-38.826032098386314, -3.6169153580845474], [-38.82607711237364, -3.616960601298854], [-38.82607709512979, -3.6170510704004974], [-38.82607707788551, -3.6171415395019615], [-38.826122091885786, -3.6171867827144504], [-38.826167105890526, -3.6172320259248694], [-38.8261670886543, -3.6173224950264053], [-38.82616707141764, -3.6174129641277606], [-38.82616705418055, -3.617503433228936], [-38.8262120682025, -3.6175486764376643], [-38.82625708222891, -3.617593919644321], [-38.826257064999886, -3.6176843887455683], [-38.82625704777042, -3.617774857846635], [-38.82630206180979, -3.617820101051476], [-38.82634707585363, -3.6178653442542434], [-38.82634705863223, -3.617955813355383], [-38.82634704141039, -3.618046282456342], [-38.826347024188124, -3.618136751557118], [-38.82639203824917, -3.618181994758195], [-38.82643705231469, -3.6182272379572], [-38.82643703510048, -3.6183177070580497], [-38.82643701788584, -3.6184081761587192], [-38.82648203196432, -3.6184534193559057], [-38.82652704604726, -3.61849866255102], [-38.82652702884069, -3.61858913165176], [-38.82652701163368, -3.618679600752321], [-38.82652699442624, -3.6187700698527], [-38.8265720085264, -3.6188153130461203], [-38.82661702263102, -3.61886055623747], [-38.82661700543164, -3.618951025337921], [-38.826616988231834, -3.6190414944381906], [-38.82666200234943, -3.6190867376277205], [-38.82670701647148, -3.619131980815177], [-38.82670699927974, -3.619222449915517], [-38.82670698208757, -3.619312919015678], [-38.82670696489496, -3.619403388115659], [-38.826751979034235, -3.6194486313014216], [-38.82679699317797, -3.6194938744851095], [-38.82679697599344, -3.6195843435851605], [-38.826796958808465, -3.619674812685031], [-38.82684197296518, -3.6197200558668996], [-38.82688698712635, -3.6197652990466955], [-38.826886969949456, -3.6198557681466355], [-38.82688695277212, -3.619946237246395], [-38.82688693559436, -3.6200367063459753], [-38.82693194977276, -3.6200819495240744], [-38.82697696395562, -3.6201271927001004], [-38.826976946785926, -3.6202176617997517], [-38.8269769296158, -3.6203081308992195], [-38.827021943811644, -3.6203533740734235], [-38.82706695801194, -3.620398617245554], [-38.82706694084989, -3.620489086345093], [-38.827066923687404, -3.6205795554444506], [-38.82706690652449, -3.6206700245436285], [-38.82711192074202, -3.6207152677140617], [-38.827156934964016, -3.62076051088242], [-38.82715691780918, -3.620850979981668], [-38.8271569006539, -3.6209414490807346], [-38.827201914888875, -3.62098669224727], [-38.827246929128314, -3.6210319354117315], [-38.82724691198111, -3.621122404510868], [-38.827246894833486, -3.6212128736098235], [-38.8272919090859, -3.621258116772461], [-38.827336923342784, -3.621303359933024], [-38.82733690620323, -3.621393829032049], [-38.82733688906325, -3.6214842981308926], [-38.82733687192283, -3.6215747672295566], [-38.827381886196946, -3.6216200103884213], [-38.82742690047553, -3.62166525354521], [-38.82742688334319, -3.621755722643941], [-38.82742686621042, -3.6218461917424936], [-38.82747188050199, -3.6218914348974574], [-38.82751689479802, -3.6219366780503464], [-38.827516877673325, -3.6220271471489665], [-38.8275168605482, -3.6221176162474062], [-38.82751684342265, -3.622208085345665], [-38.82756185773592, -3.6222533284968534], [-38.82760687205366, -3.6222985716459664], [-38.827606854936185, -3.6223890407442942], [-38.82760683781828, -3.622479509842439], [-38.827651852149, -3.622524752989727], [-38.827696866484196, -3.622569996134939], [-38.82769684937437, -3.622660465233152], [-38.82769683226412, -3.6227509343311874], [-38.82769681515344, -3.6228414034290397], [-38.82774182950586, -3.6228866465725487], [-38.82778684386276, -3.6229318897139824], [-38.82778682676016, -3.623022358811904], [-38.827786809657134, -3.6231128279096434], [-38.827831824027015, -3.6231580710492506], [-38.827876838401366, -3.6232033141867794], [-38.827876821306425, -3.6232937832845873], [-38.827876804211044, -3.6233842523822144], [-38.82787678711524, -3.6234747214796617], [-38.82792180150683, -3.623519964615488], [-38.827966815902904, -3.623565207749237], [-38.82796679881518, -3.62365567684675], [-38.82796678172703, -3.623746145944084], [-38.82801179613609, -3.6237913890760036], [-38.82805681054961, -3.6238366322058484], [-38.82805679346955, -3.623927101303249], [-38.828056776389055, -3.6240175704004693], [-38.82805675930813, -3.6241080394975067], [-38.8281017737389, -3.6241532826256453], [-38.828146788174145, -3.624198525751708], [-38.82814677110131, -3.624288994848814], [-38.82814675402805, -3.6243794639457385], [-38.82819176847627, -3.62442470706997], [-38.82823678292898, -3.624469950192127], [-38.82823676586381, -3.6245604192891174], [-38.828236748798204, -3.624650888385929], [-38.82823673173217, -3.624741357482556], [-38.82828174620213, -3.624786600603007], [-38.82832676067656, -3.6248318437213785], [-38.82832674361861, -3.624922312818073], [-38.828326726560235, -3.6250127819145894], [-38.82837174104766, -3.6250580250311297], [-38.82841675553956, -3.625103268145591], [-38.828416738489274, -3.6251937372421725], [-38.828416721438565, -3.625284206338573], [-38.82841670438742, -3.625374675434792], [-38.82846171889658, -3.6254199185475473], [-38.8285067334102, -3.6254651616582234], [-38.82850671636716, -3.6255556307545103], [-38.828506699323675, -3.6256460998506133], [-38.82850668227977, -3.6257365689465377], [-38.828551696810656, -3.625781812055506], [-38.82859671134601, -3.6258270551623952], [-38.8285966943102, -3.625917524258384], [-38.82859667727396, -3.6260079933541918], [-38.828596660237295, -3.6260984624498196], [-38.82864167478991, -3.6261437055549997], [-38.828686689346995, -3.6261889486581027], [-38.828686672318426, -3.626279417753794], [-38.828686655289424, -3.6263698868493046], [-38.828686638259995, -3.626460355944634], [-38.82873165283435, -3.6265055990460278], [-38.82877666741317, -3.6265508421453396], [-38.82877665039184, -3.6266413112407343], [-38.82877663337008, -3.62673178033595], [-38.828776616347895, -3.6268222494309827], [-38.828821630943985, -3.6268674925285853], [-38.828866645544544, -3.6269127356241073], [-38.828866628530456, -3.627003204719205], [-38.82886661151594, -3.627093673814123], [-38.828866594500994, -3.6271841429088587], [-38.82886657748563, -3.6272746120034136], [-38.828911592107715, -3.627319855097348], [-38.82895660673428, -3.6273650981892023], [-38.828956589727014, -3.6274555672838233], [-38.828956572719314, -3.6275460363782606], [-38.828956555711194, -3.627636505472518], [-38.828956538702634, -3.6277269745665945], [-38.82900155335073, -3.6277722176568585], [-38.82904656800331, -3.6278174607450446], [-38.829046551002854, -3.6279079298391856], [-38.829046534001975, -3.627998398933144], [-38.82904651700067, -3.6280888680269214], [-38.82904649999894, -3.628179337120519], [-38.82904648299679, -3.628269806213935], [-38.82909149767515, -3.628315049300653], [-38.829136512358005, -3.628360292385289], [-38.82913649536395, -3.6284507614787698], [-38.82913647836946, -3.6285412305720683], [-38.82913646137456, -3.628631699665185], [-38.82913644437922, -3.628722168758122], [-38.82913642738346, -3.6288126378508756], [-38.82913641038727, -3.6289031069434508], [-38.82918142510019, -3.628948350026742], [-38.82922643981759, -3.628993593107951], [-38.8292264228295, -3.6290840622005893], [-38.82922640584099, -3.629174531293045], [-38.82922638885206, -3.6292650003853213], [-38.82922637186269, -3.629355469477414], [-38.8292263548729, -3.629445938569327], [-38.82922633788269, -3.6295364076610577], [-38.82922632089204, -3.6296268767526088], [-38.829226303900974, -3.6297173458439764], [-38.82927131865698, -3.6297625889240845], [-38.82931633341746, -3.629807832002112], [-38.8293163164345, -3.6298983010935437], [-38.82931629945111, -3.6299887701847946], [-38.829316282467296, -3.630079239275863], [-38.82931626548306, -3.6301697083667523], [-38.829316248498394, -3.6302601774574583], [-38.8293162315133, -3.630350646547984], [-38.829316214527786, -3.630441115638329], [-38.829316197541836, -3.6305315847284905], [-38.829316180555466, -3.6306220538184726], [-38.82931616356867, -3.6307125229082713], [-38.82931614658145, -3.6308029919978924], [-38.8293161295938, -3.6308934610873274], [-38.829316112605724, -3.6309839301765834], [-38.82931609561722, -3.631074399265658], [-38.8293160786283, -3.631164868354551], [-38.82931606163895, -3.6312553374432617], [-38.82931604464917, -3.631345806531793], [-38.82931602765896, -3.63143627562014], [-38.82931601066833, -3.6315267447083084], [-38.82931599367728, -3.631617213796294], [-38.82931597668579, -3.631707682884098], [-38.82936099154038, -3.6317529259626125], [-38.829406006399445, -3.6317981690390444], [-38.829405989416074, -3.631888638126912], [-38.82940597243228, -3.631979107214599], [-38.82936094057618, -3.6320243332253055], [-38.82931590871559, -3.632069559233501], [-38.82931589172198, -3.632160028320397], [-38.829315874727946, -3.6322504974071133], [-38.82931585773348, -3.632340966493647], [-38.82931584073859, -3.63243143558], [-38.829315823743265, -3.632521904666172], [-38.82931580674752, -3.6326123737521607], [-38.829315789751355, -3.6327028428379693], [-38.829315772754754, -3.6327933119235953], [-38.82931575575773, -3.6328837810090415], [-38.82931573876028, -3.632974250094306], [-38.82931572176241, -3.633064719179387], [-38.829315704764106, -3.633155188264288], [-38.82931568776538, -3.6332456573490077], [-38.829315670766235, -3.633336126433545], [-38.82931565376665, -3.633426595517901], [-38.829315636766644, -3.633517064602076], [-38.82931561976621, -3.633607533686069], [-38.829315602765355, -3.63369800276988], [-38.82931558576408, -3.6337884718535096], [-38.82931556876236, -3.6338789409369583], [-38.829315551760224, -3.6339694100202253], [-38.82927051979653, -3.634014636019528], [-38.829225487828346, -3.634059862016319], [-38.82922547081639, -3.6341503310987964], [-38.82922545380401, -3.6342408001810917], [-38.8292254367912, -3.634331269263205], [-38.829225419777956, -3.634421738345138], [-38.8292254027643, -3.634512207426889], [-38.829225385750206, -3.6346026765084596], [-38.82922536873569, -3.634693145589846], [-38.829225351720744, -3.6347836146710537], [-38.829180319710495, -3.634828840662899], [-38.82913528769575, -3.6348740666522334], [-38.82913527067098, -3.6349645357326494], [-38.82913525364579, -3.6350550048128847], [-38.82913523662017, -3.635145473892938], [-38.82913521959412, -3.63523594297281], [-38.82913520256765, -3.6353264120524997], [-38.82913518554075, -3.635416881132008], [-38.829090153493325, -3.6354621071170032], [-38.8290451214414, -3.6355073330994876], [-38.829045104404685, -3.635597802178204], [-38.82904508736753, -3.635688271256742], [-38.82904507032995, -3.6357787403350974], [-38.82904505329194, -3.635869209413271], [-38.82904503625351, -3.6359596784912624], [-38.82900000417361, -3.6360049044697114], [-38.82895497208922, -3.636050130445646], [-38.828954955040956, -3.636140599522847], [-38.828954937992265, -3.6362310685998667], [-38.828954920943154, -3.6363215376767055], [-38.8289549038936, -3.636412006753361], [-38.828909871785925, -3.6364572327255655], [-38.828864839673756, -3.636502458695256], [-38.828864822614385, -3.636592927771121], [-38.82886480555458, -3.6366833968468053], [-38.82886478849435, -3.636773865922308], [-38.8288647714337, -3.6368643349976275], [-38.82881973929823, -3.6369095609635864], [-38.828774707158274, -3.636954786927031], [-38.82877469008779, -3.6370452560015605], [-38.82877467301688, -3.6371357250759075], [-38.82877465594554, -3.637226194150074], [-38.82872962378699, -3.63727142011009], [-38.82868459162395, -3.6373166460675908], [-38.82868457454277, -3.6374071151409666], [-38.82868455746117, -3.63749758421416], [-38.82868454037914, -3.6375880532871707], [-38.828639508197504, -3.6376332792412422], [-38.828594476011375, -3.637678505192802], [-38.82859445891951, -3.6377689742650214], [-38.82859444182722, -3.6378594433370597], [-38.8285944247345, -3.637949912408915], [-38.82854939252977, -3.6379951383570446], [-38.82850436032056, -3.638040364302658], [-38.82850434321799, -3.6381308333737215], [-38.82850432611502, -3.638221302444605], [-38.8285043090116, -3.6383117715153053], [-38.82845927678378, -3.6383569974574885], [-38.828414244551475, -3.638402223397157], [-38.82841422743822, -3.6384926924670657], [-38.828414210324546, -3.6385831615367916], [-38.82836917807834, -3.6386283874733354], [-38.82832414582764, -3.63867361340736], [-38.82832412870412, -3.638764082476296], [-38.82832411158018, -3.638854551545048], [-38.82827907931558, -3.6388997774759484], [-38.82823404704648, -3.6389450034043316], [-38.8282340299127, -3.639035472472292], [-38.82823401277849, -3.6391259415400707], [-38.82818898049549, -3.639171167465327], [-38.828143948208, -3.639216393388068], [-38.82814393106395, -3.639306862455054], [-38.82814391391947, -3.6393973315218595], [-38.82809888161808, -3.639442557441471], [-38.8280538493122, -3.6394877833585677], [-38.82805383215787, -3.6395782524245788], [-38.82805381500312, -3.6396687214904073], [-38.82800878268334, -3.6397139474043776], [-38.827963750359054, -3.639759173315829], [-38.82796373319446, -3.6398496423808644], [-38.82796371602944, -3.639940111445718], [-38.82791868369125, -3.6399853373540414], [-38.827873651348575, -3.6400305632598484], [-38.827873634173706, -3.6401210323239086], [-38.82787361699841, -3.640211501387787], [-38.82782858464183, -3.6402567272904642], [-38.82778355228075, -3.6403019531906238], [-38.827783535095605, -3.6403924222537105], [-38.82778351791003, -3.6404828913166107], [-38.82773848553504, -3.640528117213643], [-38.827693453155575, -3.6405733431081546], [-38.82769343596015, -3.640663812170264], [-38.8276934187643, -3.6407542812321907], [-38.82764838637092, -3.640799507123574], [-38.82760335397303, -3.6408447330124387], [-38.82760333676733, -3.6409352020735715], [-38.827603319561206, -3.641025671134521], [-38.827603302354646, -3.641116140195291], [-38.82764831756438, -3.641161383368237], [-38.827693332778594, -3.641206626539096], [-38.82769331558016, -3.6412970955999326], [-38.827693298381305, -3.6413875646605858], [-38.82773831360858, -3.6414328078296063], [-38.82778332884034, -3.6414780509965397], [-38.82778331164961, -3.6415685200572576], [-38.82778329445845, -3.6416589891177966], [-38.82782830970327, -3.6417042322828896], [-38.827873324952584, -3.641749475445893], [-38.82787330776955, -3.641839944506497], [-38.82787329058609, -3.641930413566919], [-38.827918305848456, -3.641975656728084], [-38.82796332111531, -3.64202089988716], [-38.82796330393998, -3.6421113689476483], [-38.82796328676422, -3.642201838007954], [-38.827963269588025, -3.642292307068078], [-38.828008284872226, -3.6423375502254367], [-38.828053300160924, -3.6423827933807074], [-38.82805328299286, -3.6424732624408964], [-38.82805326582437, -3.6425637315009056], [-38.828098281126124, -3.6426089746543333], [-38.82814329643237, -3.6426542178056724], [-38.82814327927201, -3.6427446868657465], [-38.828143262111226, -3.642835155925638], [-38.828188277430534, -3.642880399075134], [-38.828233292754334, -3.6429256422225427], [-38.82823327560168, -3.6430161112824995], [-38.828233258448606, -3.643106580342274], [-38.828278273785465, -3.643151823487839], [-38.82832328912682, -3.643197066631315], [-38.82832327198187, -3.643287535691155], [-38.8283232548365, -3.6433780047508137], [-38.82836827019092, -3.643423247892445], [-38.828413285549836, -3.643468491031988], [-38.828413268412596, -3.64355896009171], [-38.82841325127493, -3.64364942915125], [-38.82841323413684, -3.6437398982106086], [-38.8284582495131, -3.6437851413484315], [-38.82850326489385, -3.643830384484164], [-38.82850324776389, -3.643920853543585], [-38.82850323063351, -3.644011322602827], [-38.828548246027324, -3.644056565736714], [-38.828593261425645, -3.644101808868512], [-38.8285932443034, -3.644192277927819], [-38.82859322718072, -3.6442827469869408], [-38.828638242592106, -3.644327990116894], [-38.828683258007985, -3.6443732332447554], [-38.82868324089345, -3.6444637023039417], [-38.82868322377849, -3.644554171362947], [-38.828728239207436, -3.6445994144889635], [-38.82877325464087, -3.64464465761289], [-38.82877323753406, -3.6447351266719585], [-38.828773220426804, -3.644825595730844], [-38.828818235873314, -3.6448708388529236], [-38.82886325132432, -3.6449160819729136], [-38.82886323422522, -3.6450065510318614], [-38.828863217125686, -3.6450970200906307], [-38.82886320002572, -3.6451874891492144], [-38.82890821549409, -3.64523273226748], [-38.828953230966945, -3.6452779753836544], [-38.82895321387513, -3.6453684444423016], [-38.828953196782884, -3.6454589135007693], [-38.828998212268814, -3.645504156615096], [-38.82904322775925, -3.6455493997273285], [-38.829043210675145, -3.6456398687858593], [-38.82904319359062, -3.645730337844205], [-38.829088209094124, -3.6457755809545924], [-38.829133224602124, -3.6458208240628878], [-38.82913320752574, -3.6459112931212982], [-38.829133190448935, -3.646001762179525], [-38.82917820597001, -3.6460470052859733], [-38.82922322149559, -3.6460922483903264], [-38.829223204426924, -3.6461827174486174], [-38.82922318735783, -3.6462731865067255], [-38.829268202896486, -3.6463184296092317], [-38.82931321843963, -3.646363672709644], [-38.82931320137869, -3.6464541417678165], [-38.82931318431732, -3.6465446108258024], [-38.829313167255535, -3.646635079883609], [-38.829358182816044, -3.646680322982295], [-38.82940319838106, -3.646725566078887], [-38.829403181327415, -3.646816035136756], [-38.82940316427335, -3.646906504194441], [-38.82944817985143, -3.646951747289185], [-38.82949319543402, -3.6469969903818353], [-38.829493178388105, -3.6470874594395815], [-38.82949316134176, -3.6471779284971473], [-38.829538176937426, -3.6472231715879473], [-38.8295831925376, -3.647268414676652], [-38.8295831754994, -3.647358883734279], [-38.82958315846078, -3.647449352791723], [-38.82958314142174, -3.647539821848986], [-38.82962815703928, -3.6475850649359627], [-38.829673172661316, -3.647630308020845], [-38.829673155630424, -3.6477207770781694], [-38.829673138599105, -3.64781124613531], [-38.82967312156737, -3.647901715192268], [-38.829718137206775, -3.647946958275423], [-38.82976315285068, -3.647992201356481], [-38.82976313582709, -3.6480826704135016], [-38.829763118803086, -3.648173139470339], [-38.82976310177865, -3.648263608526993], [-38.82980811743993, -3.648308851606323], [-38.829853133105715, -3.6483540946835564], [-38.82985311608944, -3.6484445637402723], [-38.82985309907273, -3.648535032796805], [-38.8298530820556, -3.648625501853157], [-38.829898097738756, -3.6486707449286593], [-38.829943113426424, -3.648715988002068], [-38.829943096417445, -3.6488064570584786], [-38.82994307940805, -3.6488969261147077], [-38.82994306239823, -3.6489873951707543], [-38.82994304538798, -3.6490778642266193], [-38.82998806109731, -3.649123107298417], [-38.83003307681115, -3.649168350368119], [-38.830033059809054, -3.6492588194240434], [-38.83003304280654, -3.6493492884797862], [-38.8300330258036, -3.649439757535345], [-38.83003300880024, -3.6495302265907226], [-38.830078024535744, -3.6495754696588136], [-38.83012304027576, -3.6496207127248086], [-38.83012302328056, -3.6497111817802463], [-38.83012300628493, -3.6498016508355016], [-38.83012298928888, -3.6498921198905743], [-38.83012297229241, -3.6499825889454645], [-38.83012295529551, -3.6500730580001726], [-38.830167971061485, -3.650118301064675], [-38.83021298683197, -3.650163544127083], [-38.83021296984323, -3.6502540131818515], [-38.83021295285407, -3.650344482236435], [-38.83021293586449, -3.650434951290839], [-38.83021291887447, -3.6505254203450574], [-38.830212901884046, -3.6506158893990963], [-38.83021288489319, -3.6507063584529513], [-38.83025790069394, -3.6507516015139885], [-38.83030291649919, -3.6507968445729273], [-38.8303028995165, -3.650887313626841], [-38.83030288253338, -3.6509777826805734], [-38.83030286554984, -3.6510682517341237], [-38.830302848565886, -3.6511587207874907], [-38.83030283158149, -3.651249189840676], [-38.83030281459668, -3.6513396588936797], [-38.83030279761145, -3.6514301279465], [-38.83030278062579, -3.651520596999137], [-38.8303477964699, -3.651565840056946], [-38.83039281231853, -3.6516110831126554], [-38.830392795341034, -3.6517015521653535], [-38.83039277836312, -3.651792021217868], [-38.83039276138478, -3.6518824902701996], [-38.83039274440602, -3.651972959322349], [-38.83039272742683, -3.652063428374316], [-38.83039271044723, -3.6521538974261016], [-38.830392693467196, -3.6522443664777025], [-38.83039267648674, -3.6523348355291234], [-38.83039265950586, -3.65242530458036], [-38.83039264252456, -3.652515773631415], [-38.83039262554283, -3.652606242682286], [-38.830392608560686, -3.652696711732977], [-38.83039259157811, -3.6527871807834837], [-38.830392574595116, -3.652877649833809], [-38.830392557611695, -3.6529681188839507], [-38.830392540627855, -3.6530585879339115], [-38.83039252364358, -3.6531490569836897], [-38.830392506658896, -3.6532395260332833], [-38.830392489673784, -3.653329995082696], [-38.830392472688246, -3.6534204641319263], [-38.83039245570229, -3.653510933180974], [-38.83043747164564, -3.653556176237118], [-38.8304824875935, -3.653601419291164], [-38.830482470615706, -3.6536918883402705], [-38.830482453637494, -3.6537823573891925], [-38.830437420698104, -3.653827583383526], [-38.830392387754216, -3.653872809375338], [-38.830392370766134, -3.653963278423472], [-38.83039235377763, -3.6540537474714254], [-38.830392336788705, -3.654144216519194], [-38.83039231979936, -3.6542346855667813], [-38.830392302809585, -3.6543251546141855], [-38.83039228581939, -3.654415623661408], [-38.830392268828774, -3.654506092708447], [-38.830392251837736, -3.6545965617553042], [-38.83039223484627, -3.6546870308019783], [-38.83039221785438, -3.6547774998484703], [-38.83039220086207, -3.6548679688947785], [-38.830392183869336, -3.6549584379409055], [-38.83039216687618, -3.655048906986849], [-38.8303921498826, -3.655139376032611], [-38.83039213288858, -3.6552298450781895], [-38.830392115894156, -3.6553203141235855], [-38.83039209889931, -3.655410783168798], [-38.83039208190403, -3.6555012522138304], [-38.83039206490833, -3.655591721258678], [-38.830392047912206, -3.6556821903033434], [-38.83039203091566, -3.6557726593478264], [-38.830346997868084, -3.6558178853307486], [-38.830301964815995, -3.655863111311147], [-38.83030194780957, -3.6559535803548404], [-38.83030193080273, -3.6560440493983504], [-38.830301913795466, -3.6561345184416805], [-38.83030189678778, -3.656224987484825], [-38.83030187977966, -3.6563154565277887], [-38.83030186277113, -3.656405925570569], [-38.83030184576217, -3.656496394613168], [-38.83030182875279, -3.6565868636555825], [-38.830256795658386, -3.65663208963103], [-38.83021176255948, -3.6566773156039525], [-38.83021174554022, -3.656767784645578], [-38.83021172852054, -3.6568582536870213], [-38.83021171150043, -3.656948722728282], [-38.83021169447991, -3.6570391917693605], [-38.830211677458955, -3.657129660810255], [-38.83021166043758, -3.657220129850969], [-38.8301666273058, -3.657265355819545], [-38.830121594169505, -3.657310581785597], [-38.83012157713826, -3.6574010508255186], [-38.830121560106576, -3.657491519865259], [-38.83012154307448, -3.6575819889048167], [-38.83012152604196, -3.657672457944191], [-38.83012150900901, -3.6577629269833825], [-38.83007647584457, -3.657808152945391], [-38.83003144267562, -3.6578533789048753], [-38.83003142563279, -3.6579438479432773], [-38.83003140858954, -3.658034316981496], [-38.83003139154587, -3.6581247860195334], [-38.830031374501765, -3.6582152550573848], [-38.8299863413094, -3.658260481013129], [-38.8299413081125, -3.658305706966345], [-38.82994129105853, -3.6583961760034076], [-38.82994127400413, -3.6584866450402886], [-38.8299412569493, -3.658577114076987], [-38.82994123989405, -3.6586675831135014], [-38.82989620667373, -3.6587128090629766], [-38.8298511734489, -3.6587580350099245], [-38.82985115638377, -3.6588485040456495], [-38.829851139318215, -3.658938973081192], [-38.82985112225223, -3.659029442116549], [-38.8298060890087, -3.6590746680600605], [-38.829761055760656, -3.659119894001044], [-38.829761038684794, -3.659210363035612], [-38.829761021608505, -3.659300832069999], [-38.82976100453179, -3.6593913011042005], [-38.82971597126504, -3.6594365270417444], [-38.829670937993775, -3.659481752976761], [-38.829670920907176, -3.659572222010173], [-38.82967090382015, -3.659662691043402], [-38.82967088673271, -3.6597531600764475], [-38.829625853442735, -3.6597983860080254], [-38.82958082014825, -3.6598436119370747], [-38.829580803050916, -3.659934080969329], [-38.82958078595316, -3.6600245500014026], [-38.829580768854974, -3.660115019033291], [-38.82953573554178, -3.6601602449589006], [-38.829490702224064, -3.660205470881981], [-38.829490685116, -3.660295939913079], [-38.82949066800751, -3.6603864089439937], [-38.829445634675814, -3.6604316348639387], [-38.82940060133961, -3.6604768607813543], [-38.829400584221226, -3.6605673298114767], [-38.82940056710242, -3.660657798841418], [-38.82935553375223, -3.6607030247556973], [-38.829310500397526, -3.6607482506674462], [-38.82931048326883, -3.6608387196965952], [-38.8293104661397, -3.6609291887255595], [-38.82926543277102, -3.6609744146341736], [-38.82922039939781, -3.6610196405402577], [-38.829220382258804, -3.6611101095684297], [-38.82922036511936, -3.6612005785964197], [-38.82917533173217, -3.6612458044993654], [-38.829130298340466, -3.6612910303997825], [-38.82913028119114, -3.6613814994269798], [-38.82913026404138, -3.661471968453993], [-38.82908523063569, -3.661517194351272], [-38.82904019722549, -3.6615624202460206], [-38.82904018006584, -3.661652889272243], [-38.82904016290577, -3.6617433582982826], [-38.82899512948158, -3.661788584189891], [-38.828950096052864, -3.6618338100789702], [-38.82895007888289, -3.661924279104217], [-38.82890504544493, -3.66196950499046], [-38.828860012002444, -3.662014730874176], [-38.82885999482258, -3.6621051998986283], [-38.828859977642296, -3.6621956689228963], [-38.82881494418582, -3.6622408948034733], [-38.82876991072484, -3.6622861206815176], [-38.82876989353465, -3.6623765897049925], [-38.82872486006441, -3.662421815580202], [-38.82867982658964, -3.66246704145288], [-38.82867980938957, -3.6625575104755637], [-38.82863477590555, -3.662602736345407], [-38.828589742417, -3.6626479622127177], [-38.828589725207024, -3.6627384312346063], [-38.82858970799663, -3.6628289002563115], [-38.8285446744941, -3.6628741261204825], [-38.82849964098705, -3.662919351982122], [-38.828499623766746, -3.663009821003032], [-38.82845459025044, -3.6630550468618366], [-38.82840955672961, -3.6631002727181086], [-38.828364523204264, -3.66314549857185]]]}}]}